strain,treatment,track_id,n_steps,alpha,R,p_value,is_levy_strict,is_levy_statistical,classification
TJ356,Total_Extract_CBD,1106_5_1,51,1.8474097011267698,-0.8739643159341237,0.5264057547702281,True,False,Lévy
TJ356,Total_Extract_CBD,1106_5_107,76,3.0971333866953343,-0.04686603497638764,0.8402196823510709,False,False,Brownian
TJ356,Total_Extract_CBD,1106_5_11,175,2.2572972369365045,-3.4049500935907333,0.16463341796296882,True,False,Lévy
TJ356,Total_Extract_CBD,1106_5_12,192,28.597592030630764,-0.637523514726739,0.3559813335205584,False,False,Brownian
TJ356,Total_Extract_CBD,1106_5_131,78,2.4151062598822692,-1.477878218403538,0.30611509732650033,True,False,Lévy
TJ356,Total_Extract_CBD,1106_5_133,89,3.512065117026652,-0.6791914325787315,0.16530939939944145,False,False,Brownian
TJ356,Total_Extract_CBD,1106_5_14,164,9.23477645548812,-0.5108455526950819,0.5946015969896634,False,False,Brownian
TJ356,Total_Extract_CBD,1106_5_15,208,11.498326845371594,-1.8065628811161192,0.24198266009246583,False,False,Brownian
TJ356,Total_Extract_CBD,1106_5_159,72,3.528948605404623,-0.7375909836277511,0.14481243414236886,False,False,Brownian
TJ356,Total_Extract_CBD,1106_5_16,168,2.425170762402324,-0.12460041486859064,0.73384576033099,True,False,Lévy
TJ356,Total_Extract_CBD,1106_5_18,94,12.708195280138803,-0.36829208857117246,0.5183605896142462,False,False,Brownian
TJ356,Total_Extract_CBD,1106_5_19,160,26.921134459551837,0.9741877986910441,0.07731712822687974,False,False,Brownian
TJ356,Total_Extract_CBD,1106_5_2,149,48.76923579832345,0.3790471508966302,0.042822912205616175,False,True,Brownian
TJ356,Total_Extract_CBD,1106_5_20,128,3.688393897065589,-1.4773488134422492,0.0660966277044528,False,False,Brownian
TJ356,Total_Extract_CBD,1106_5_21,194,2.678514741426838,-1.372160472797635,0.1416345516058089,True,False,Lévy
TJ356,Total_Extract_CBD,1106_5_22,209,9.49361305762798,-20.06811412083684,1.8014239961511524e-150,False,False,Brownian
TJ356,Total_Extract_CBD,1106_5_23,131,3.4668456811855806,-0.039133990107494854,0.08487145537444755,False,False,Brownian
TJ356,Total_Extract_CBD,1106_5_24,157,11.535028903235682,-64.81275321354842,2.0061340298254473e-55,False,False,Brownian
TJ356,Total_Extract_CBD,1106_5_25,187,114.50109346547833,0.5043216655979847,0.710332138395795,False,False,Brownian
TJ356,Total_Extract_CBD,1106_5_26,156,21.79670317574964,-0.3290472957590094,0.6832547432278724,False,False,Brownian
TJ356,Total_Extract_CBD,1106_5_3,190,22.37996895339067,-1.4718298119894158,0.12106710003394802,False,False,Brownian
TJ356,Total_Extract_CBD,1106_5_30,62,3.127545042520156,-0.020951406498586345,0.8907043605487399,False,False,Brownian
TJ356,Total_Extract_CBD,1106_5_31,204,2.9714352076865778,-3.3522953648803426,0.0290880241895443,True,False,Lévy
TJ356,Total_Extract_CBD,1106_5_32,164,16.773465780385997,-36.30959789682213,1.9174224190897352e-15,False,False,Brownian
TJ356,Total_Extract_CBD,1106_5_33,217,3.5146239067448324,0.008465182089135104,0.8003983236570245,False,False,Brownian
TJ356,Total_Extract_CBD,1106_5_34,169,3.47061947965126,0.12331465244066653,0.147584821443632,False,False,Brownian
TJ356,Total_Extract_CBD,1106_5_35,56,2.5288814143687905,-5.601138964975923,7.1762443845411695e-12,True,False,Lévy
TJ356,Total_Extract_CBD,1106_5_37,178,2.7941936547760706,-0.13895227792625786,0.009769984146680684,True,False,Lévy
TJ356,Total_Extract_CBD,1106_5_38,121,101.20153155917774,0.039078753757519014,0.808615581599011,False,False,Brownian
TJ356,Total_Extract_CBD,1106_5_39,139,3.8602678690955257,0.006070152003125662,0.9495441055293927,False,False,Brownian
TJ356,Total_Extract_CBD,1106_5_4,143,13.503357021037683,-4.491773661556963,0.0023899003429490836,False,False,Brownian
TJ356,Total_Extract_CBD,1106_5_40,54,4.788646094741996,-0.41418281224597603,0.08890629837371901,False,False,Brownian
TJ356,Total_Extract_CBD,1106_5_41,178,3.8332156338372396,-7.506315765061283,0.00011094027589269036,False,False,Brownian
TJ356,Total_Extract_CBD,1106_5_42,174,274.0788898280942,inf,,False,False,Brownian
TJ356,Total_Extract_CBD,1106_5_43,71,2.1852410700475797,-0.9853440208579971,0.41786745015170224,True,False,Lévy
TJ356,Total_Extract_CBD,1106_5_49,88,122.5038950516878,-1.820099861253834,0.07042883618576119,False,False,Brownian
TJ356,Total_Extract_CBD,1106_5_52,94,,0.0,1.0,False,False,Brownian
TJ356,Total_Extract_CBD,1106_5_6,154,11.393867964704729,-173.98667690747786,5.86343608847853e-22,False,False,Brownian
TJ356,Total_Extract_CBD,1106_5_64,52,6.088792753486624,-0.9021609141219531,0.13109511024647538,False,False,Brownian
TJ356,Total_Extract_CBD,1106_5_7,162,107.8310200157597,-0.049943801178928826,0.015560848915156305,False,False,Brownian
TJ356,Total_Extract_CBD,1106_5_8,75,9.65617024533378,-3.441127365772501,0.006527611468357211,False,False,Brownian
TJ356,Total_Extract_CBD,1157_4_0,158,4.99840730223476,-2.073117192703319,0.04164134170488331,False,False,Brownian
TJ356,Total_Extract_CBD,1157_4_11,197,30.67072302777111,-2.2357898579934137,0.0012500545225696705,False,False,Brownian
TJ356,Total_Extract_CBD,1157_4_12,86,22.917074985218793,-0.34133253261417096,0.7758210119263399,False,False,Brownian
TJ356,Total_Extract_CBD,1157_4_14,177,13.792163394675063,0.06111657518705993,0.8430328129854077,False,False,Brownian
TJ356,Total_Extract_CBD,1157_4_15,144,,0.0,1.0,False,False,Brownian
TJ356,Total_Extract_CBD,1157_4_16,169,8.120103053972429,-0.25056812945963225,0.6828208719996937,False,False,Brownian
TJ356,Total_Extract_CBD,1157_4_17,125,177.68867494833435,-6.013018905187193,1.6312034004710728e-10,False,False,Brownian
TJ356,Total_Extract_CBD,1157_4_18,97,16.85549879603232,-14.044304204483266,0.0019390126634720368,False,False,Brownian
TJ356,Total_Extract_CBD,1157_4_19,131,9.573160212139905,-2.555908935732265,0.08892343883343311,False,False,Brownian
TJ356,Total_Extract_CBD,1157_4_2,183,3.467306101196525,-0.2901076665728794,0.1323345508551065,False,False,Brownian
TJ356,Total_Extract_CBD,1157_4_21,143,12.990941706892201,-0.04757571366942448,0.7975190839938463,False,False,Brownian
TJ356,Total_Extract_CBD,1157_4_23,233,7.730793915480052,-0.15272868445560084,0.7185060386671875,False,False,Brownian
TJ356,Total_Extract_CBD,1157_4_3,163,104.87404294400538,-0.04890436295490996,0.9572877319972405,False,False,Brownian
TJ356,Total_Extract_CBD,1157_4_36,176,4.8541295627298915,-0.6988921193401776,0.011406916517170395,False,False,Brownian
TJ356,Total_Extract_CBD,1157_4_4,192,4.9488520412697,-0.22427206927673926,0.009531445627532862,False,False,Brownian
TJ356,Total_Extract_CBD,1157_4_41,72,2.5431126473720873,-3.101027406590682,0.03692336318941147,True,False,Lévy
TJ356,Total_Extract_CBD,1157_4_5,188,75.56019214715343,0.34607600797884164,0.5146175127838529,False,False,Brownian
TJ356,Total_Extract_CBD,1157_4_58,70,16.045163337571214,-0.38996349423431065,0.18557622190132272,False,False,Brownian
TJ356,Total_Extract_CBD,1157_4_6,164,25.189720610378885,-0.15449052907806138,0.5323316661660535,False,False,Brownian
TJ356,Total_Extract_CBD,1157_4_62,89,22.687494067218847,-0.7157543643238904,0.26048868084413457,False,False,Brownian
TJ356,Total_Extract_CBD,1157_4_8,174,93.39107625833859,-2.051332561223175,0.08132490223141574,False,False,Brownian
TJ356,Total_Extract_CBD,1157_4_9,69,67.36397188089231,0.4036905299462479,0.6385182730419217,False,False,Brownian
TJ356,Total_Extract_CBD,1203_3_0,222,4.07837925011653,-0.087323575336546,0.8221450813396092,False,False,Brownian
TJ356,Total_Extract_CBD,1203_3_1,209,9.732522283297957,-0.11199703694507182,0.24168249451439028,False,False,Brownian
TJ356,Total_Extract_CBD,1203_3_10,68,3.8911895025138223,-0.009465729514271604,0.03697809053620653,False,False,Brownian
TJ356,Total_Extract_CBD,1203_3_104,166,7.068626134617837,0.0152521626275679,0.0786573740896624,False,False,Brownian
TJ356,Total_Extract_CBD,1203_3_107,178,5.430829215636635,0.00036851423061412536,0.962823067805514,False,False,Brownian
TJ356,Total_Extract_CBD,1203_3_109,190,77.48369188135243,-2.016771447420841,0.0012282865624606214,False,False,Brownian
TJ356,Total_Extract_CBD,1203_3_118,61,2.921943777554267,0.02175322091488252,0.21891344121483214,True,False,Lévy
TJ356,Total_Extract_CBD,1203_3_12,178,6.085681122166756,-0.12446977389528158,0.42433872746251733,False,False,Brownian
TJ356,Total_Extract_CBD,1203_3_123,141,3.060656310097255,-0.4529606618623945,0.1738756127754144,False,False,Brownian
TJ356,Total_Extract_CBD,1203_3_126,107,3.1531410851819035,0.0035991179914752203,0.9747142995173647,False,False,Brownian
TJ356,Total_Extract_CBD,1203_3_129,56,3.283046400685298,-0.6859903510296017,0.27909005056572056,False,False,Brownian
TJ356,Total_Extract_CBD,1203_3_130,61,5.400836551280257,-0.8184299966668259,0.21877318917402777,False,False,Brownian
TJ356,Total_Extract_CBD,1203_3_134,58,3.6811435221310864,-3.0056359018062704,0.015719236286504422,False,False,Brownian
TJ356,Total_Extract_CBD,1203_3_135,152,2.899029937688322,-0.015419003114521268,0.8936748162129379,True,False,Lévy
TJ356,Total_Extract_CBD,1203_3_14,185,14.958272271542672,-0.6644517104913295,0.37469085664575896,False,False,Brownian
TJ356,Total_Extract_CBD,1203_3_144,98,18.866058476049854,-0.23081512800837456,0.7338952787147204,False,False,Brownian
TJ356,Total_Extract_CBD,1203_3_15,181,18.741481586868954,-1.155182840459211,0.16385185490867338,False,False,Brownian
TJ356,Total_Extract_CBD,1203_3_158,143,4.429518494320063,-0.23731905640718676,0.1455981666500776,False,False,Brownian
TJ356,Total_Extract_CBD,1203_3_16,101,1.9424563704889202,-11.926401310191771,0.02151498452235504,True,False,Lévy
TJ356,Total_Extract_CBD,1203_3_165,113,7.937303118247383,-0.13044069624713517,0.7302363146573314,False,False,Brownian
TJ356,Total_Extract_CBD,1203_3_166,123,3.6832048533751447,-0.674370448655288,0.22191633254594034,False,False,Brownian
TJ356,Total_Extract_CBD,1203_3_17,51,12.785007302329866,-0.034716509816061114,0.3973532393866054,False,False,Brownian
TJ356,Total_Extract_CBD,1203_3_172,104,7.669855863443628,-0.6820207869183275,0.12167376929941215,False,False,Brownian
TJ356,Total_Extract_CBD,1203_3_174,79,5.98801038749565,-0.001187661007479135,0.9323334909164274,False,False,Brownian
TJ356,Total_Extract_CBD,1203_3_18,223,95.60197106455749,-0.6615787507182578,0.32146743374355036,False,False,Brownian
TJ356,Total_Extract_CBD,1203_3_19,165,64.82929435703329,-0.05595644362638108,0.8809899740206206,False,False,Brownian
TJ356,Total_Extract_CBD,1203_3_20,168,8.06275325053981,-2.425077769906445,0.05515785576748136,False,False,Brownian
TJ356,Total_Extract_CBD,1203_3_217,91,11.107276856499782,-0.0012414413700705118,0.9590427669399865,False,False,Brownian
TJ356,Total_Extract_CBD,1203_3_219,84,6.427921754568665,-0.7020421195658968,0.24282128734327713,False,False,Brownian
TJ356,Total_Extract_CBD,1203_3_221,66,3.2940884947045483,0.00038479596905993674,0.9656445665046774,False,False,Brownian
TJ356,Total_Extract_CBD,1203_3_222,74,235.7041792810346,,,False,False,Brownian
TJ356,Total_Extract_CBD,1203_3_250,50,2.654949031172585,-0.2577544016705047,0.6885678197705614,True,False,Lévy
TJ356,Total_Extract_CBD,1203_3_26,201,10.50759682684202,-75.07562181273964,2.9960575502025673e-136,False,False,Brownian
TJ356,Total_Extract_CBD,1203_3_29,59,4.625489536740378,-0.6514174760646373,0.23220070199069442,False,False,Brownian
TJ356,Total_Extract_CBD,1203_3_3,215,9.737448839186676,-142.92150815532864,1.7951751188403207e-144,False,False,Brownian
TJ356,Total_Extract_CBD,1203_3_30,182,5.476226500230076,-0.8603859832565508,0.4319755099404943,False,False,Brownian
TJ356,Total_Extract_CBD,1203_3_31,62,2.3629976569729663,0.0006858960508351677,0.8859648499446977,True,False,Lévy
TJ356,Total_Extract_CBD,1203_3_33,160,6.699565846015016,-1.1561993734435703,0.12585874868465977,False,False,Brownian
TJ356,Total_Extract_CBD,1203_3_35,104,3.3321316530931684,-0.24853605674088297,0.6555189628230476,False,False,Brownian
TJ356,Total_Extract_CBD,1203_3_36,107,2.401134275900559,-1.5327582276388463,0.10521804430202655,True,False,Lévy
TJ356,Total_Extract_CBD,1203_3_37,135,4.531069107162779,-0.8100011060757059,0.1979200879025267,False,False,Brownian
TJ356,Total_Extract_CBD,1203_3_39,196,18.669581773433137,0.10877328694536859,0.006689206659156532,False,True,Brownian
TJ356,Total_Extract_CBD,1203_3_40,197,3.444741022590425,-0.3479838470087646,0.5887005618818596,False,False,Brownian
TJ356,Total_Extract_CBD,1203_3_42,176,7.108495988101306,-2.018838001737321,0.10899803891368717,False,False,Brownian
TJ356,Total_Extract_CBD,1203_3_43,205,5.2865704212324705,-0.07148737762765645,0.8133309706138495,False,False,Brownian
TJ356,Total_Extract_CBD,1203_3_45,159,2.5346126320118714,-0.3981365043259011,0.5623316852998775,True,False,Lévy
TJ356,Total_Extract_CBD,1203_3_46,200,2.6697357779251947,-0.05273823957821744,0.8300668285359227,True,False,Lévy
TJ356,Total_Extract_CBD,1203_3_47,96,2.5462577401570456,-3.6665280775749145,0.10570451782818184,True,False,Lévy
TJ356,Total_Extract_CBD,1203_3_48,205,2.7719531137628364,-2.4820985326840566,0.03791053534803655,True,False,Lévy
TJ356,Total_Extract_CBD,1203_3_49,61,3.0137624173649744,-1.3448221798962507,0.07169409425231238,False,False,Brownian
TJ356,Total_Extract_CBD,1203_3_5,50,33.49896752404018,-2.3224719182119635,0.02857275713809317,False,False,Brownian
TJ356,Total_Extract_CBD,1203_3_53,219,2.5154619808142513,0.0013876110391983776,0.9264745151580102,True,False,Lévy
TJ356,Total_Extract_CBD,1203_3_54,109,35.94527987931044,0.4961633054870367,0.034810688969876914,False,True,Brownian
TJ356,Total_Extract_CBD,1203_3_56,126,5.130564914583586,-0.3468779424538966,0.11171291473401028,False,False,Brownian
TJ356,Total_Extract_CBD,1203_3_57,126,2.882571727696511,-0.17990842069600488,0.7348470343931128,True,False,Lévy
TJ356,Total_Extract_CBD,1203_3_58,51,4.65844291987439,-0.6883545941858621,0.2721746222051593,False,False,Brownian
TJ356,Total_Extract_CBD,1203_3_59,232,3.575219251820959,0.00540219819583998,0.5413155467211257,False,False,Brownian
TJ356,Total_Extract_CBD,1203_3_61,198,4.640482615414115,-0.3031326214814318,0.30548399816966665,False,False,Brownian
TJ356,Total_Extract_CBD,1203_3_62,200,15.925413970124428,-0.7994983782410169,0.31514349704782885,False,False,Brownian
TJ356,Total_Extract_CBD,1203_3_64,61,9.308862520757012,-0.7705173346451619,0.03690284678956757,False,False,Brownian
TJ356,Total_Extract_CBD,1203_3_67,139,15.679389389147182,-0.41463530943623095,0.26252954605631396,False,False,Brownian
TJ356,Total_Extract_CBD,1203_3_68,53,2.244462784672759,-0.7340150527936888,0.2683361369379096,True,False,Lévy
TJ356,Total_Extract_CBD,1203_3_7,225,3.3126235730511993,-1.0602904707627507,0.37377450062023,False,False,Brownian
TJ356,Total_Extract_CBD,1203_3_70,200,7.017663670385635,-0.20883068774390057,0.47875837509886165,False,False,Brownian
TJ356,Total_Extract_CBD,1203_3_74,172,5.355214163110008,-0.006163855413991559,0.9480404848969218,False,False,Brownian
TJ356,Total_Extract_CBD,1203_3_77,128,4.4344991378662,-0.5741407998305228,0.15627695717218504,False,False,Brownian
TJ356,Total_Extract_CBD,1203_3_79,216,4.718978546222605,-0.22998416694003798,0.6468404621321981,False,False,Brownian
TJ356,Total_Extract_CBD,1203_3_8,190,3.582329509548552,-0.02387454005259726,0.863608731128732,False,False,Brownian
TJ356,Total_Extract_CBD,1203_3_84,81,2.4018063920762103,-0.756171549836099,0.4234086235094774,True,False,Lévy
TJ356,Total_Extract_CBD,1203_3_88,150,5.419246775696496,-0.7552056948139853,0.2726295046151552,False,False,Brownian
TJ356,Total_Extract_CBD,1203_3_9,205,52.93702147200268,-0.6474070797826172,0.34823951073853177,False,False,Brownian
TJ356,Total_Extract_CBD,1203_3_92,75,6.1067237620462045,-4.327141693045961,0.0003272339787294966,False,False,Brownian
TJ356,Total_Extract_CBD,1203_3_97,151,6.65983153035848,-1.3786244230814293,0.0055078242681136595,False,False,Brownian
TJ356,Total_Extract_CBD,1203_3_99,145,2.479612897718666,-0.11324523866877667,0.18494341754802823,True,False,Lévy
TJ356,Total_Extract_CBD,1258_0_0,215,5.676712197481477,-0.08417154589575926,0.1293540207385638,False,False,Brownian
TJ356,Total_Extract_CBD,1258_0_1,188,3.4732998995278046,-0.1353491859169943,0.042900014209299744,False,False,Brownian
TJ356,Total_Extract_CBD,1258_0_11,157,3.7919418679679664,-1.1075460612764425,0.4086935688335167,False,False,Brownian
TJ356,Total_Extract_CBD,1258_0_12,174,5.282057607590911,-1.7138705189200318,0.025999338387771975,False,False,Brownian
TJ356,Total_Extract_CBD,1258_0_13,196,5.358978523096201,-0.6799819014183568,0.2750256845829575,False,False,Brownian
TJ356,Total_Extract_CBD,1258_0_14,154,11.366741109947514,-4.15155302010475,0.0021899921637315487,False,False,Brownian
TJ356,Total_Extract_CBD,1258_0_16,54,3.727926088700263,-0.6809264595395825,0.19032992937379212,False,False,Brownian
TJ356,Total_Extract_CBD,1258_0_17,190,6.329197773105778,-0.8631435303197745,0.15897010870423334,False,False,Brownian
TJ356,Total_Extract_CBD,1258_0_2,73,6.317732588502712,-4.955393420586345,1.7644947474458748e-07,False,False,Brownian
TJ356,Total_Extract_CBD,1258_0_22,96,35.04229032375109,-0.15721773005346318,0.6434651033847536,False,False,Brownian
TJ356,Total_Extract_CBD,1258_0_24,129,2.6857812006766295,-0.06643922661312951,0.824106936847085,True,False,Lévy
TJ356,Total_Extract_CBD,1258_0_25,188,7.040007454143433,0.00016339455502703548,0.9731005295458175,False,False,Brownian
TJ356,Total_Extract_CBD,1258_0_3,188,4.263818267229464,-0.7158863584215154,0.447210168511747,False,False,Brownian
TJ356,Total_Extract_CBD,1258_0_33,82,14.272794376178465,-2.648342970549981,0.0021215611178488788,False,False,Brownian
TJ356,Total_Extract_CBD,1258_0_4,182,8.502014212622612,-13.618415870928892,1.452295044603998e-10,False,False,Brownian
TJ356,Total_Extract_CBD,1258_0_42,97,3.353909206533556,-0.3179217138354029,0.6479683898999911,False,False,Brownian
TJ356,Total_Extract_CBD,1258_0_5,169,6.227554252091302,-1.6252940657471309,0.11457224401731145,False,False,Brownian
TJ356,Total_Extract_CBD,1258_0_6,195,6.457543108622347,-0.786092141487224,0.23478933611011255,False,False,Brownian
TJ356,Total_Extract_CBD,1258_0_61,106,16.148297929334113,-0.3085697680036428,0.051866307150581735,False,False,Brownian
TJ356,Total_Extract_CBD,1258_0_8,66,13.656096459379423,-0.003595640234399733,0.952588789896291,False,False,Brownian
TJ356,Total_Extract_CBD,1258_0_9,174,13.779005032899217,0.31639012810076883,0.08854510068384695,False,False,Brownian
TJ356,Total_Extract_CBD,1258_0_91,51,5.415655137416046,-0.6453116499553594,0.24959301020183777,False,False,Brownian
TJ356,Total_Extract_CBD,1258_0_99,55,2.65231112686811,-0.1234504366128808,0.7713054851389243,True,False,Lévy
TJ356,Total_Extract_CBD,1303_2_0,166,3.7805190032612264,-0.534851516624346,0.004811490802992908,False,False,Brownian
TJ356,Total_Extract_CBD,1303_2_1,163,6.370062528853969,0.10004594641138231,0.16495400002661986,False,False,Brownian
TJ356,Total_Extract_CBD,1303_2_10,126,29.68143890958626,0.03075560156385304,0.5707584112147149,False,False,Brownian
TJ356,Total_Extract_CBD,1303_2_11,200,13.814096717776893,-0.0062424128654630096,0.9441832970248812,False,False,Brownian
TJ356,Total_Extract_CBD,1303_2_12,131,15.189167221461826,0.019177966400587776,0.8495127206556294,False,False,Brownian
TJ356,Total_Extract_CBD,1303_2_13,119,2.85856766013159,-0.7489244836509676,0.40403955968752225,True,False,Lévy
TJ356,Total_Extract_CBD,1303_2_14,200,2.741849951466149,-2.2548926171488484,0.0019781001985152862,True,False,Lévy
TJ356,Total_Extract_CBD,1303_2_149,53,33.5564568183486,0.002849110614891792,0.9400480869330475,False,False,Brownian
TJ356,Total_Extract_CBD,1303_2_15,189,3.781715976140628,-0.15485803593562086,0.7178652595635254,False,False,Brownian
TJ356,Total_Extract_CBD,1303_2_16,129,9.986293048765631,-0.002706862393832582,0.9614237681323061,False,False,Brownian
TJ356,Total_Extract_CBD,1303_2_17,154,3.1811564064914117,-0.30087351236163384,0.1576435569011262,False,False,Brownian
TJ356,Total_Extract_CBD,1303_2_18,229,209.80687478265764,-0.1215082946543431,0.6644534954762278,False,False,Brownian
TJ356,Total_Extract_CBD,1303_2_2,228,15.958385570732807,-0.6039180547946948,0.0698387496114414,False,False,Brownian
TJ356,Total_Extract_CBD,1303_2_21,187,5.60197344162518,-0.5530078897499906,0.35519734363339384,False,False,Brownian
TJ356,Total_Extract_CBD,1303_2_3,204,6.431850009397045,-0.9707909183915446,0.0672080033391258,False,False,Brownian
TJ356,Total_Extract_CBD,1303_2_4,220,6.654407699235975,-2.4066009555106556,0.007810453123209012,False,False,Brownian
TJ356,Total_Extract_CBD,1303_2_41,52,2.5163245034974393,-0.1512785911500456,0.7378754646070755,True,False,Lévy
TJ356,Total_Extract_CBD,1303_2_6,179,2.9184144245641503,0.027229702872937522,1.3128941578205183e-08,True,True,Lévy
TJ356,Total_Extract_CBD,1303_2_7,218,4.585628467013286,-0.014470222345428538,0.5259839957050028,False,False,Brownian
TJ356,Total_Extract_CBD,1303_2_73,93,2.821026794502912,-0.770782608105304,0.4207951222670062,True,False,Lévy
TJ356,Total_Extract_CBD,1303_2_8,178,3.0621123799571492,-0.3233115626788252,0.6573932254606469,False,False,Brownian
TJ356,Total_Extract_CBD,1303_2_86,67,18.312340490667566,-0.03271815417715973,0.7163968213996987,False,False,Brownian
TJ356,Total_Extract_CBD,1303_2_87,113,3.856464507591573,0.020707814016230452,0.021117974178574576,False,True,Brownian
TJ356,Total_Extract_CBD,1309_1_11,129,4.8084341329002624,-0.35442862496436667,0.5763867667146452,False,False,Brownian
TJ356,Total_Extract_CBD,1309_1_12,209,8.280589532877725,-0.8252178307098517,0.09767108946993462,False,False,Brownian
TJ356,Total_Extract_CBD,1309_1_123,70,3.2469026622119084,-0.29716699770623967,0.6543947758674657,False,False,Brownian
TJ356,Total_Extract_CBD,1309_1_14,156,4.624825997690574,-1.9925899171751746,0.011438035303817262,False,False,Brownian
TJ356,Total_Extract_CBD,1309_1_15,105,295.72236047222316,,,False,False,Brownian
TJ356,Total_Extract_CBD,1309_1_157,50,15.561927797691542,-0.853206962731015,0.3326647907500865,False,False,Brownian
TJ356,Total_Extract_CBD,1309_1_17,60,3.6904068567753883,-0.2078859866294892,0.6670376429216172,False,False,Brownian
TJ356,Total_Extract_CBD,1309_1_18,128,14.678886313613875,-4.43677722394181,0.02498137887377662,False,False,Brownian
TJ356,Total_Extract_CBD,1309_1_2,69,2.217812814271049,-1.7738911310047543,0.009692092287138545,True,False,Lévy
TJ356,Total_Extract_CBD,1309_1_25,144,180.8297068976256,-0.11030468169106555,0.4725752806329836,False,False,Brownian
TJ356,Total_Extract_CBD,1309_1_3,97,3.44758568574056,0.0021851113415272128,0.9065883225858758,False,False,Brownian
TJ356,Total_Extract_CBD,1309_1_4,161,5.388101323657939,-5.278118745932758e-05,0.9950641516114369,False,False,Brownian
TJ356,Total_Extract_CBD,1309_1_5,138,3.3757450424202333,0.01555316944836499,0.3574182839858735,False,False,Brownian
TJ356,Total_Extract_CBD,1309_1_6,142,57.558501837227226,-0.8725315176313355,0.22636042221344366,False,False,Brownian
TJ356,Total_Extract_CBD,1309_1_63,134,4.345015919021057,-1.0349010513557817,5.87369939104709e-07,False,False,Brownian
TJ356,Total_Extract_CBD,1309_1_7,194,3.0894573734796755,-1.0240515150462528,0.40873948215965494,False,False,Brownian
TJ356,Total_Extract_CBD,1309_1_8,179,12.45494476992399,-1.4179495323554199,5.626835149016581e-06,False,False,Brownian
TJ356,Total_Extract_CBD,1309_1_88,113,3.4560710960236882,-6.954225642899683,0.00044491744099590664,False,False,Brownian
TJ356,Control,1055_4_0,93,2.566283052114546,-0.6139828210244918,0.4895582338819213,True,False,Lévy
TJ356,Control,1055_4_1,99,15.783908556806992,0.16615804291098923,0.008883042756822971,False,True,Brownian
TJ356,Control,1055_4_10,103,5.324741080667745,-1.6996736679714735,0.24051988749083253,False,False,Brownian
TJ356,Control,1055_4_11,167,2.681576048856858,-1.625513658238682,0.2261135264637013,True,False,Lévy
TJ356,Control,1055_4_13,203,4.9231233142270625,-0.7260002993086863,1.2575201722567568e-08,False,False,Brownian
TJ356,Control,1055_4_14,183,2.9643717620721226,-0.6467332501576957,0.4698710965231623,True,False,Lévy
TJ356,Control,1055_4_15,145,4.394382509716737,-1.8191972149413713,0.008995705885064018,False,False,Brownian
TJ356,Control,1055_4_17,60,2.7619451997717857,-0.8394626894169104,0.2229625074673529,True,False,Lévy
TJ356,Control,1055_4_18,71,2.509809792793157,-4.230265252641294,0.0076564708244379045,True,False,Lévy
TJ356,Control,1055_4_19,180,158.49255187828692,-5.617231343016645,9.34461530311591e-05,False,False,Brownian
TJ356,Control,1055_4_2,168,32.532303623623974,-2.674677218764901,0.08644175557260533,False,False,Brownian
TJ356,Control,1055_4_20,51,9.65617024533378,-0.141295086168437,1.3933834330187722e-16,False,False,Brownian
TJ356,Control,1055_4_21,185,49.03735888636642,-0.439928773097366,0.06002278613157641,False,False,Brownian
TJ356,Control,1055_4_24,58,3.2342417901455183,-3.830048944908854,0.04863153699516665,False,False,Brownian
TJ356,Control,1055_4_25,128,4.822904017870243,-0.18197497144655128,0.09989594664064955,False,False,Brownian
TJ356,Control,1055_4_26,110,21.65020564590626,0.0775240916040163,6.333001969604892e-89,False,True,Brownian
TJ356,Control,1055_4_27,83,4.31861308935153,-0.5633080522120675,0.4946683952492704,False,False,Brownian
TJ356,Control,1055_4_3,211,4.110143619638725,-0.2834968756539882,0.6052694133887377,False,False,Brownian
TJ356,Control,1055_4_4,71,3.061568682443616,-0.5778587985108306,0.007452806587280656,False,False,Brownian
TJ356,Control,1055_4_5,204,10.721985391843864,-8.986311234270397,1.1041052545371177e-08,False,False,Brownian
TJ356,Control,1055_4_6,137,3.761467599588209,-0.9580463669296204,0.3748358087993593,False,False,Brownian
TJ356,Control,1055_4_7,146,6.128330600904503,-0.6915746667992617,0.08527070667414219,False,False,Brownian
TJ356,Control,1055_4_71,111,3.727818277853342,0.004253005757883371,0.5157238672274684,False,False,Brownian
TJ356,Control,1055_4_79,76,2.914019836073544,-0.9177076691055039,0.0015688607104137329,True,False,Lévy
TJ356,Control,1055_4_8,200,15.956747090733385,-1.0655897071555367,0.08428118767420857,False,False,Brownian
TJ356,Control,1055_4_81,76,3.3432331842987932,-1.66402848865692,0.009669974616282016,False,False,Brownian
TJ356,Control,1055_4_85,68,2.5641030894615437,-0.5715289566409756,0.5234533276153858,True,False,Lévy
TJ356,Control,1055_4_9,212,20.754838040745803,0.02686815565734585,0.7556997114077618,False,False,Brownian
TJ356,Control,1055_4_91,50,3.040191783713135,-0.9212027837463427,0.04247757787143261,False,False,Brownian
TJ356,Control,1140_3_0,133,421.3766553637271,,,False,False,Brownian
TJ356,Control,1140_3_1,245,11.584039455690212,0.022370829270012327,0.014454710462685627,False,True,Brownian
TJ356,Control,1140_3_10,174,2.2707876908388243,-0.2285408539326339,0.0019787519077294736,True,False,Lévy
TJ356,Control,1140_3_11,173,16.126438913563064,-44.97724208134607,9.411351237031728e-18,False,False,Brownian
TJ356,Control,1140_3_111,168,2.349150886329212,-7.802465235132861,6.015573007382809e-05,True,False,Lévy
TJ356,Control,1140_3_133,57,16.94984687564334,-0.7298789995680475,0.00882478024958072,False,False,Brownian
TJ356,Control,1140_3_134,105,10.180786623838856,-10.731084495685169,1.487942891128961e-44,False,False,Brownian
TJ356,Control,1140_3_145,86,3.929673412264933,0.020505341448977976,0.7339549538851304,False,False,Brownian
TJ356,Control,1140_3_15,223,9.695162003195641,-148.5269081368315,1.7335265368099863e-155,False,False,Brownian
TJ356,Control,1140_3_159,61,2.3144649476876147,-0.6397705260878515,0.2855287824356746,True,False,Lévy
TJ356,Control,1140_3_177,88,7.928788827278393,0.0003790247912941677,0.7828054916581346,False,False,Brownian
TJ356,Control,1140_3_18,74,4.071966367122195,-1.0456615604555122,0.18696917397195623,False,False,Brownian
TJ356,Control,1140_3_184,53,2.77557048139409,-0.3258883147440188,0.5806887372350926,True,False,Lévy
TJ356,Control,1140_3_199,66,2.486314481243446,-0.6220219190795457,0.49332295096358314,True,False,Lévy
TJ356,Control,1140_3_2,156,6.584637058336369,-0.14938575695207104,0.06233651886856019,False,False,Brownian
TJ356,Control,1140_3_201,65,2.3780093604654327,-0.0015046521010326774,0.9729891178151592,True,False,Lévy
TJ356,Control,1140_3_21,231,5.222491134236565,-0.00386133593750132,0.9546706271962001,False,False,Brownian
TJ356,Control,1140_3_216,56,55.423683173217846,-0.0001685791836820022,0.98937199677221,False,False,Brownian
TJ356,Control,1140_3_22,105,26.247163215556856,-0.9932674413145808,0.020751929403691,False,False,Brownian
TJ356,Control,1140_3_23,138,,0.0,1.0,False,False,Brownian
TJ356,Control,1140_3_24,55,9.352444973567682,0.002719929043756064,0.7724593929208617,False,False,Brownian
TJ356,Control,1140_3_25,171,3.7087374976028067,-0.0002458933872800939,0.984898354670206,False,False,Brownian
TJ356,Control,1140_3_3,100,2.5998730546739157,-2.3249956462389703,0.00015019174244308578,True,False,Lévy
TJ356,Control,1140_3_30,51,3.203529768748789,-0.3038722752872698,0.19829423163674076,False,False,Brownian
TJ356,Control,1140_3_33,109,9.774276694232459,-0.5417415578495803,0.5934131415090622,False,False,Brownian
TJ356,Control,1140_3_34,147,2.828102304172046,-0.33764890959688143,0.02788268351852815,True,False,Lévy
TJ356,Control,1140_3_35,205,9.003273593427561,0.001444589970779786,0.995182673048693,False,False,Brownian
TJ356,Control,1140_3_39,134,4.242605959330945,-0.0388923847763476,0.8526242119166246,False,False,Brownian
TJ356,Control,1140_3_4,177,35.88339027332641,-1.8941593680130953,0.15614771751216375,False,False,Brownian
TJ356,Control,1140_3_40,97,3.3883476356828197,-0.2976960735533689,0.600743395460474,False,False,Brownian
TJ356,Control,1140_3_42,106,11.558009359699097,-2.786267948508625,2.9363045756997737e-06,False,False,Brownian
TJ356,Control,1140_3_48,194,374.56822869096607,-0.5005457125157831,0.5304710338883548,False,False,Brownian
TJ356,Control,1140_3_49,145,11.557832998471792,0.25241524199842535,0.5840520925624566,False,False,Brownian
TJ356,Control,1140_3_5,192,6.647290112196691,-0.93482405911514,0.21694413198189855,False,False,Brownian
TJ356,Control,1140_3_50,112,50.463105690361935,-3.553827407189269,0.13992291152187403,False,False,Brownian
TJ356,Control,1140_3_6,85,9.45717782590082,-5.968193401797983,0.00027165461795719396,False,False,Brownian
TJ356,Control,1140_3_67,157,2.6203656712383205,-1.1861778895454023,0.0588498442065527,True,False,Lévy
TJ356,Control,1140_3_69,62,6.708935245560302,-1.50523986971413,0.07086210286444654,False,False,Brownian
TJ356,Control,1140_3_7,202,119.15165244127073,-1.2149590303681082,0.23320397502913992,False,False,Brownian
TJ356,Control,1140_3_8,94,3.681973103426801,0.0008795816025684022,0.6775107467667159,False,False,Brownian
TJ356,Control,1140_3_9,136,6.585672881129355,-1.345461941100906,2.516699559231507e-08,False,False,Brownian
TJ356,Control,1140_3_93,145,2.0166550471730527,-1.0084252388865478,0.4103254958823561,True,False,Lévy
TJ356,Control,1140_3_95,132,44.2808512266689,0.22947730604995753,0.8086851106661817,False,False,Brownian
TJ356,Control,1201_2_0,161,6.076704662078189,-0.04439128000833262,0.1198318911204224,False,False,Brownian
TJ356,Control,1201_2_10,213,4.882061692190424,-0.07240704279387888,0.7929237816928284,False,False,Brownian
TJ356,Control,1201_2_107,118,4.417510911837455,-0.0032649179388180016,0.7230761428944181,False,False,Brownian
TJ356,Control,1201_2_11,165,4.013737042103342,-1.4503379441786874,0.005293570152433834,False,False,Brownian
TJ356,Control,1201_2_126,51,80.23206018567855,0.01323122426877843,0.3044194592981123,False,False,Brownian
TJ356,Control,1201_2_13,78,9.914381939117522,-0.7001712845888779,0.12123312428268038,False,False,Brownian
TJ356,Control,1201_2_159,105,5.336562872190804,-0.6898034000568742,0.2769428727296017,False,False,Brownian
TJ356,Control,1201_2_165,77,2.9449233110245423,-1.4359525739726346,0.12630982746137498,True,False,Lévy
TJ356,Control,1201_2_17,239,20.385193101024928,-0.7785055577655196,0.000124018407773611,False,False,Brownian
TJ356,Control,1201_2_170,56,5.269116077865576,-0.6859017981226253,0.32486459190916517,False,False,Brownian
TJ356,Control,1201_2_19,111,3.6486156968668984,-0.9460751887971415,0.030740683895645878,False,False,Brownian
TJ356,Control,1201_2_193,102,3.0811909524077365,0.002194000782987711,0.6465257750915308,False,False,Brownian
TJ356,Control,1201_2_195,55,5.041016603614382,0.06761745850132084,0.6102727061490949,False,False,Brownian
TJ356,Control,1201_2_21,206,8.214033921845697,-0.09166936378294085,0.2544807441439909,False,False,Brownian
TJ356,Control,1201_2_217,76,2.572385417791349,0.00025410015088650484,0.9841459552051812,True,False,Lévy
TJ356,Control,1201_2_22,194,4.512757419846231,-0.36226846188404577,0.1602672941556531,False,False,Brownian
TJ356,Control,1201_2_223,70,3.716378273440548,-0.20220539807875404,0.6789929935701671,False,False,Brownian
TJ356,Control,1201_2_23,204,3.960016905672424,-0.2248913740489933,0.6881990537451397,False,False,Brownian
TJ356,Control,1201_2_25,121,4.362559835982173,-0.1265085613571344,0.6087915649131178,False,False,Brownian
TJ356,Control,1201_2_26,190,5.5790341077696395,-0.2370223001910268,0.14087334907075416,False,False,Brownian
TJ356,Control,1201_2_27,50,3.731965304141712,-0.008629839684281992,0.9238043425756662,False,False,Brownian
TJ356,Control,1201_2_28,198,3.4407573859499148,-0.005402902262164333,0.9445867948280755,False,False,Brownian
TJ356,Control,1201_2_3,184,4.085742046373512,-0.0017949033017217175,0.9816626757784171,False,False,Brownian
TJ356,Control,1201_2_32,209,11.592352465870968,-0.5020640410255455,0.0010485467207498815,False,False,Brownian
TJ356,Control,1201_2_34,151,6.187019689788623,-0.30007327740836376,0.27187526529054284,False,False,Brownian
TJ356,Control,1201_2_35,199,4.86859096031059,-0.23328788929086822,0.19755434816996942,False,False,Brownian
TJ356,Control,1201_2_36,136,2.718527491611031,-0.0023982895675558336,0.7080970265151632,True,False,Lévy
TJ356,Control,1201_2_38,166,90.62840235449096,-0.22137868253738535,0.4715390809980695,False,False,Brownian
TJ356,Control,1201_2_39,182,3.5539681982023326,0.007363794290881132,0.6116383226597426,False,False,Brownian
TJ356,Control,1201_2_40,150,4.479472721515297,-0.7632068780454387,0.18588820929936045,False,False,Brownian
TJ356,Control,1201_2_41,211,3.0565075448648917,-0.020000876724235894,0.9014660192422589,False,False,Brownian
TJ356,Control,1201_2_42,103,3.3038861156854176,-0.08746522367684983,0.1618698578945672,False,False,Brownian
TJ356,Control,1201_2_47,184,5.903823384971035,-0.06412480690366074,0.2919513188091384,False,False,Brownian
TJ356,Control,1201_2_50,50,6.225330776127724,-2.311808560533543,0.00393984458692934,False,False,Brownian
TJ356,Control,1201_2_51,120,16.7404850088435,-0.5423473445877711,0.10363227249636915,False,False,Brownian
TJ356,Control,1201_2_53,73,3.474789976174125,-1.792052897295468,0.10984422103904982,False,False,Brownian
TJ356,Control,1201_2_6,152,6.154743395348756,-0.8707080191705383,0.00031358510188034917,False,False,Brownian
TJ356,Control,1201_2_60,80,2.3231809322430874,-0.16110106715391126,0.7410099537867498,True,False,Lévy
TJ356,Control,1201_2_62,82,4.174915861175425,0.006912711814408487,0.5959943571936561,False,False,Brownian
TJ356,Control,1201_2_7,181,11.642538870590736,-0.05606339165276475,0.21822239636076912,False,False,Brownian
TJ356,Control,1201_2_8,182,3.410466095979915,-0.023014081193957314,0.8922369648956278,False,False,Brownian
TJ356,Control,1201_2_85,209,31.163421798969114,0.20027421421509217,0.2681464974217779,False,False,Brownian
TJ356,Control,1201_2_9,203,10.15296542396241,-0.7841494716625399,0.11459896852045029,False,False,Brownian
TJ356,Control,1207_1_0,50,27.49962847725904,-0.14376765183682438,0.7839795542425306,False,False,Brownian
TJ356,Control,1207_1_10,129,10.795140014456646,-0.1913547825323394,0.04971668969904626,False,False,Brownian
TJ356,Control,1207_1_11,133,7.624313657539568,-2.2563225471871298,0.0030858420392052667,False,False,Brownian
TJ356,Control,1207_1_12,158,7.926850683574651,0.0016417468208016484,0.9539993369056549,False,False,Brownian
TJ356,Control,1207_1_120,110,7.922000049397707,-1.3759833637485461,0.002033966237000048,False,False,Brownian
TJ356,Control,1207_1_13,57,21.558404332667727,-0.4089767608771253,0.32533846887483964,False,False,Brownian
TJ356,Control,1207_1_131,101,6.284731548695173,-0.3512755408623216,0.11353685816137149,False,False,Brownian
TJ356,Control,1207_1_133,108,748.0699401815823,,,False,False,Brownian
TJ356,Control,1207_1_138,89,2.392284859276666,-0.012673972805964606,0.9236316601824922,True,False,Lévy
TJ356,Control,1207_1_14,79,228.9458164604562,1.1099393867558227,0.7396112379824051,False,False,Brownian
TJ356,Control,1207_1_15,145,3.224413812986383,-4.445913830425363e-05,0.9980059157410619,False,False,Brownian
TJ356,Control,1207_1_16,169,6.818495672231578,-0.8241047443317446,0.12313789109922678,False,False,Brownian
TJ356,Control,1207_1_171,56,4.6587541607446425,-0.7926417289877153,0.2379455712798162,False,False,Brownian
TJ356,Control,1207_1_179,71,3.2095897205154102,-0.1934501324494664,0.6914554393045282,False,False,Brownian
TJ356,Control,1207_1_18,164,3.100167230106481,-1.5314237720522483,0.00023520128021259037,False,False,Brownian
TJ356,Control,1207_1_19,151,111.53334591454376,-1.630123030601804,0.2533925554336204,False,False,Brownian
TJ356,Control,1207_1_190,66,3.8941066523465953,0.006332068988863848,0.25505712340386233,False,False,Brownian
TJ356,Control,1207_1_20,175,4.035610631918413,0.000662771757727193,0.8072255266663662,False,False,Brownian
TJ356,Control,1207_1_201,62,5.809157287405408,-0.12126247985335414,0.23976793317525247,False,False,Brownian
TJ356,Control,1207_1_202,52,6.369545836463916,-0.0016153207509493894,0.9676705194402967,False,False,Brownian
TJ356,Control,1207_1_21,98,5.4611290880888745,-0.21836194056034586,0.7459876570044128,False,False,Brownian
TJ356,Control,1207_1_23,124,10.20590143014259,-0.6135305995185212,0.2626453483287222,False,False,Brownian
TJ356,Control,1207_1_25,167,4.373594427533458,-0.04147074790631519,0.2601674003498594,False,False,Brownian
TJ356,Control,1207_1_26,159,2.032880341903391,0.0008789356656388747,0.9535859091312407,True,False,Lévy
TJ356,Control,1207_1_27,141,19.578636039538118,0.8998481457838019,0.40123272184661407,False,False,Brownian
TJ356,Control,1207_1_28,116,54.77704141269457,-0.7046852553761802,0.20290088578086118,False,False,Brownian
TJ356,Control,1207_1_29,195,10.898838563202004,-0.7047295548273356,0.13955778815450662,False,False,Brownian
TJ356,Control,1207_1_3,160,3.6592079105113866,-2.009924939636581,0.07301129285499824,False,False,Brownian
TJ356,Control,1207_1_30,160,9.382078406656959,-1.2624251078826905,0.23846451644134092,False,False,Brownian
TJ356,Control,1207_1_32,194,13.820217241866256,-0.2748456148490621,0.3727119822397189,False,False,Brownian
TJ356,Control,1207_1_34,186,6.680883736437269,-0.013848551101915019,0.3667729969220366,False,False,Brownian
TJ356,Control,1207_1_35,145,10.435969620306343,0.0035075746511502304,0.4677617403192408,False,False,Brownian
TJ356,Control,1207_1_37,165,5.267017462375888,-1.0397475074669775,0.041939630050518616,False,False,Brownian
TJ356,Control,1207_1_40,168,6.511671159333912,-0.2733167918747057,0.043813988853691976,False,False,Brownian
TJ356,Control,1207_1_48,188,4.648509630124443,-0.12882665332595256,0.7433005525653107,False,False,Brownian
TJ356,Control,1207_1_51,107,24.36657404867339,-0.1646988810461223,0.584656933769212,False,False,Brownian
TJ356,Control,1207_1_57,199,6.316483012266581,-1.7417675344542993,0.008097897565870862,False,False,Brownian
TJ356,Control,1207_1_6,110,25.414839153505532,-0.7106653294849035,0.18965200116076242,False,False,Brownian
TJ356,Control,1207_1_70,74,2.839798567112074,-1.4300825171737626,0.06509652640152573,True,False,Lévy
TJ356,Control,1207_1_8,91,27.25704974417913,-10.168404991149613,0.001205018037992223,False,False,Brownian
TJ356,Control,1207_1_92,50,2.288312524009445,-0.036031909382375105,0.801065121915266,True,False,Lévy
TJ356,Control,1207_1_99,132,3.466230208127564,0.00041968685851401233,0.8797362404215565,False,False,Brownian
TJ356,Control,1212_0_0,154,17.45741009606669,-1.93600537444473,9.221789580119397e-19,False,False,Brownian
TJ356,Control,1212_0_1,199,10.89987286678978,-2.1639051498951076,7.220851856438281e-16,False,False,Brownian
TJ356,Control,1212_0_10,191,3.211739046285478,-0.1006560890582695,0.78180906141249,False,False,Brownian
TJ356,Control,1212_0_101,71,60.64274296786033,-0.029159295709982214,0.24118865689149105,False,False,Brownian
TJ356,Control,1212_0_105,61,2.8777083440767504,-1.0763387216726041,0.3263135634457759,True,False,Lévy
TJ356,Control,1212_0_110,152,3.424444176166136,-0.8659763574555972,0.40861579254182256,False,False,Brownian
TJ356,Control,1212_0_113,64,4.304298632206214,0.00020232294718152896,0.957195292388034,False,False,Brownian
TJ356,Control,1212_0_120,152,4.449941207622448,-2.476937912513325,4.9958998006758634e-05,False,False,Brownian
TJ356,Control,1212_0_13,227,9.580971490531649,-0.006955808337012589,0.43215203015889214,False,False,Brownian
TJ356,Control,1212_0_131,127,3.0802267038588935,-0.11457061926606782,0.7390665574946969,False,False,Brownian
TJ356,Control,1212_0_133,115,9.03336355710804,-0.8620014990628061,0.17642372902751569,False,False,Brownian
TJ356,Control,1212_0_14,108,2.882282052876702,-8.157838403192073,7.071829248362844e-06,True,False,Lévy
TJ356,Control,1212_0_15,138,40.81838312853539,-1.1414764167019609,0.4793476103066012,False,False,Brownian
TJ356,Control,1212_0_153,130,6.4544531100841755,-0.7741547142162183,0.168591362585932,False,False,Brownian
TJ356,Control,1212_0_158,95,2.9179787051080535,-0.16636428844565176,0.14484482878100907,True,False,Lévy
TJ356,Control,1212_0_166,101,5.913744766065176,-0.41697642711025906,0.131215576358096,False,False,Brownian
TJ356,Control,1212_0_17,166,3.6036769215468514,-0.1034147982837137,0.05041217208936221,False,False,Brownian
TJ356,Control,1212_0_18,185,3.0707304130093873,-0.8684410115099315,0.425897166858881,False,False,Brownian
TJ356,Control,1212_0_186,74,17.46239003352916,-1.1865316657037481,0.028757741834182785,False,False,Brownian
TJ356,Control,1212_0_19,82,6.261822749670028,-6.223236192637955,1.8585272695429014e-07,False,False,Brownian
TJ356,Control,1212_0_198,79,5.908921753879106,-0.04567370942654528,0.18912051458092138,False,False,Brownian
TJ356,Control,1212_0_20,145,5.699146263429662,-0.21176707299062542,0.2423794928100702,False,False,Brownian
TJ356,Control,1212_0_22,179,10.93240047381248,-5.417656812643237,0.00022053103132532042,False,False,Brownian
TJ356,Control,1212_0_23,191,136.32822682422417,1.1066928528054758,0.35438798372522173,False,False,Brownian
TJ356,Control,1212_0_24,183,15.492654867640255,-0.3198419920740726,0.3236918104991715,False,False,Brownian
TJ356,Control,1212_0_26,184,6.890385584579149,0.00044866727345798524,0.8264921169134181,False,False,Brownian
TJ356,Control,1212_0_27,197,3.4858191271860197,0.0009732392695120107,0.9373024411725539,False,False,Brownian
TJ356,Control,1212_0_29,157,6.764142418189873,-0.794089762683329,0.24769191032256854,False,False,Brownian
TJ356,Control,1212_0_30,95,10.675299022181086,0.008907751772316952,0.8482317092381074,False,False,Brownian
TJ356,Control,1212_0_31,88,2.924190148371221,-1.257610619777367,0.3576688416638818,True,False,Lévy
TJ356,Control,1212_0_32,73,3.765663266440682,-0.7117095533821017,0.1651211795169779,False,False,Brownian
TJ356,Control,1212_0_33,255,30.767805189903324,-0.8018193373963634,0.027397765296418478,False,False,Brownian
TJ356,Control,1212_0_34,122,40.38840698444929,-1.9185520120111526,0.10063913657471822,False,False,Brownian
TJ356,Control,1212_0_35,134,10.641239819594132,-0.6619494081194599,0.02325100943436542,False,False,Brownian
TJ356,Control,1212_0_36,93,6.595217107050686,-0.0841336032422284,0.7638818445366627,False,False,Brownian
TJ356,Control,1212_0_37,60,2.145430038520753,-0.06297587478316846,0.15708241909486517,True,False,Lévy
TJ356,Control,1212_0_38,124,3.1556322200933025,-0.8310753148413229,0.22375844475847806,False,False,Brownian
TJ356,Control,1212_0_39,200,11.857350092620088,-0.014319843547954791,0.5785859664243429,False,False,Brownian
TJ356,Control,1212_0_4,137,4.649667993040524,-0.13722618653597163,0.8995668587701449,False,False,Brownian
TJ356,Control,1212_0_40,129,2.860405054888216,-1.7621737975643694,0.24116563144494008,True,False,Lévy
TJ356,Control,1212_0_41,172,3.3942340753008917,0.036986334987414826,0.013709423742918645,False,True,Brownian
TJ356,Control,1212_0_42,211,3.9276359381279193,-0.2571681348786957,0.06624248963923442,False,False,Brownian
TJ356,Control,1212_0_43,214,11.674920928619937,-0.10915087679171864,0.7579266379393035,False,False,Brownian
TJ356,Control,1212_0_45,191,3.958158361952053,-0.49802345927793934,0.054814033382458265,False,False,Brownian
TJ356,Control,1212_0_46,56,18.397378167669128,-1.3654154514043348,0.016764304116250534,False,False,Brownian
TJ356,Control,1212_0_47,89,25.879045360278475,-0.11898067220835173,0.8155987458536086,False,False,Brownian
TJ356,Control,1212_0_48,87,11.045178502168774,0.0036965770819251675,0.5577763133681508,False,False,Brownian
TJ356,Control,1212_0_5,121,9.065388090595214,-1.8168704832555642,0.005368137975625227,False,False,Brownian
TJ356,Control,1212_0_50,102,41.55275908247418,-1.4283175694713153,0.00019586726167818242,False,False,Brownian
TJ356,Control,1212_0_51,73,2.7851735231464065,-1.2234393141855402,0.04898453705662793,True,False,Lévy
TJ356,Control,1212_0_52,53,8.05097295540422,-1.3241289519200259,0.2123784688646434,False,False,Brownian
TJ356,Control,1212_0_54,180,31.214821194687115,-1.0270948717471686,0.28531016693267397,False,False,Brownian
TJ356,Control,1212_0_56,198,7.8224065627527635,-0.5611577028067245,0.07792161591088687,False,False,Brownian
TJ356,Control,1212_0_57,93,38.86736840055779,-1.9111253725560888,0.03016525064026055,False,False,Brownian
TJ356,Control,1212_0_58,163,4.169596564227145,-0.006475611921937255,0.576907001150639,False,False,Brownian
TJ356,Control,1212_0_61,57,7.490119580729799,-0.01216153886254584,0.8828347111181422,False,False,Brownian
TJ356,Control,1212_0_64,169,3.3848900384310814,-1.3963025766639516,0.06116158692959391,False,False,Brownian
TJ356,Control,1212_0_7,215,22.74344019532583,-1.3039994611306054,0.12161568734996847,False,False,Brownian
TJ356,Control,1212_0_8,157,3.35654446538501,-5.503025770045294,0.1229948912622252,False,False,Brownian
TJ356,Control,1212_0_86,158,3.369797352983181,-0.04668172222626599,0.42525666437830434,False,False,Brownian
TJ356,Control,1212_0_9,180,39.092071000658656,-3.138787356784798,1.6424852817879307e-25,False,False,Brownian
TJ356,CBD 0.3uM,1112_5_0,189,3.234725378003767,-26.315617823845347,1.2688528520015814e-12,False,False,Brownian
TJ356,CBD 0.3uM,1112_5_1,56,5.278748753708375,0.2033524298693683,0.039229584121415896,False,True,Brownian
TJ356,CBD 0.3uM,1112_5_10,193,4.958785763881301,-10.165749074837983,0.0003092871493509656,False,False,Brownian
TJ356,CBD 0.3uM,1112_5_12,154,7.004730710727038,-19.33968382186181,3.45691728118971e-14,False,False,Brownian
TJ356,CBD 0.3uM,1112_5_13,115,83.95496485111539,-3.108021175716381,0.23144979883456906,False,False,Brownian
TJ356,CBD 0.3uM,1112_5_15,107,31.15293657654383,-0.09189010983189227,0.7697968719887903,False,False,Brownian
TJ356,CBD 0.3uM,1112_5_16,198,4.597841140856923,-1.623536683768535,0.09696115949458549,False,False,Brownian
TJ356,CBD 0.3uM,1112_5_19,138,9.420450287156557,-2.2259977240672106,9.396478034465992e-07,False,False,Brownian
TJ356,CBD 0.3uM,1112_5_2,159,33.86101132403525,-1.2645241059218408,8.930062875358841e-11,False,False,Brownian
TJ356,CBD 0.3uM,1112_5_20,52,2.6947723199895517,-0.04584602055232645,0.7553688101914753,True,False,Lévy
TJ356,CBD 0.3uM,1112_5_3,126,18.398070208840263,1.0516214919309101,0.5054195557102492,False,False,Brownian
TJ356,CBD 0.3uM,1112_5_4,155,14.705602888445153,-4.300694432679234,0.00018067363590995816,False,False,Brownian
TJ356,CBD 0.3uM,1112_5_5,213,11.090044911489041,-1.4003941012069077,0.08736061218959366,False,False,Brownian
TJ356,CBD 0.3uM,1112_5_6,179,11.989038822090398,-6.65678650881445,9.67415541948974e-31,False,False,Brownian
TJ356,CBD 0.3uM,1112_5_9,188,6.902646864127307,-1.4619944131955802,0.1188304704695755,False,False,Brownian
TJ356,CBD 0.3uM,1208_4_0,114,7.249703935409624,-0.1259020508278944,0.30268118112397735,False,False,Brownian
TJ356,CBD 0.3uM,1208_4_1,155,18.88941850702314,-30.44660975379129,1.5381744941334518e-11,False,False,Brownian
TJ356,CBD 0.3uM,1208_4_10,134,16.465690838329685,0.026540630373363072,0.9648485749982525,False,False,Brownian
TJ356,CBD 0.3uM,1208_4_101,57,14.705602888445151,-0.8904278463799384,0.30585870047444075,False,False,Brownian
TJ356,CBD 0.3uM,1208_4_11,127,73.13475204444818,0.18339007676618024,0.4249153602471687,False,False,Brownian
TJ356,CBD 0.3uM,1208_4_125,66,232.4857409124801,inf,,False,False,Brownian
TJ356,CBD 0.3uM,1208_4_13,190,19.755035531556523,-1.58210592280351,0.12248035895773238,False,False,Brownian
TJ356,CBD 0.3uM,1208_4_14,198,63.73988164814367,0.032932494399526835,0.12989610566927598,False,False,Brownian
TJ356,CBD 0.3uM,1208_4_149,88,5.298852447990626,0.0004804325487332006,0.9448366363074847,False,False,Brownian
TJ356,CBD 0.3uM,1208_4_15,234,4.845729755925877,0.00024220584172837678,0.9870567880888521,False,False,Brownian
TJ356,CBD 0.3uM,1208_4_16,206,2.7269040019538062,-0.4623701738019039,0.2375164914294685,True,False,Lévy
TJ356,CBD 0.3uM,1208_4_17,136,14.664352134188496,-0.48852262772478916,0.5545847048925892,False,False,Brownian
TJ356,CBD 0.3uM,1208_4_171,52,10.60997443903758,-1.5009598768019319,0.04214943307665811,False,False,Brownian
TJ356,CBD 0.3uM,1208_4_19,146,6.6581918917033684,-0.2789670548908092,0.4179547278266005,False,False,Brownian
TJ356,CBD 0.3uM,1208_4_2,226,47.96979385648377,-0.7698641162005333,0.36569038409544274,False,False,Brownian
TJ356,CBD 0.3uM,1208_4_20,152,6.03109962707462,-0.3059096928620333,0.27612656172855776,False,False,Brownian
TJ356,CBD 0.3uM,1208_4_21,210,21.741987690066054,0.005758598817952071,0.36670451574143814,False,False,Brownian
TJ356,CBD 0.3uM,1208_4_22,207,10.433895484273188,0.055771149909705775,0.915427179291763,False,False,Brownian
TJ356,CBD 0.3uM,1208_4_23,216,12.499251630329505,-2.0581172341263168,0.00035059849034018434,False,False,Brownian
TJ356,CBD 0.3uM,1208_4_24,170,173.28762265741707,-0.5249111288284629,0.37244884533723477,False,False,Brownian
TJ356,CBD 0.3uM,1208_4_26,133,11.579763633185733,-0.15146690327834378,2.2818780886669354e-05,False,False,Brownian
TJ356,CBD 0.3uM,1208_4_27,159,9.192446839333753,-99.94270057619846,6.88678104004596e-124,False,False,Brownian
TJ356,CBD 0.3uM,1208_4_28,221,135.63857974245218,-0.31069437263417754,0.8033112830435564,False,False,Brownian
TJ356,CBD 0.3uM,1208_4_29,216,46.82492662789153,-1.3204811832595063,0.2180567094446666,False,False,Brownian
TJ356,CBD 0.3uM,1208_4_3,157,6.7199516241884645,0.1986650519891503,0.34836734674777536,False,False,Brownian
TJ356,CBD 0.3uM,1208_4_30,179,27.09374889771917,-1.9408489436734246,0.01038600507203193,False,False,Brownian
TJ356,CBD 0.3uM,1208_4_31,231,14.879492505706667,-2.2419784971031365,0.0007002652940604581,False,False,Brownian
TJ356,CBD 0.3uM,1208_4_32,164,30.575248338223748,-16.30766130395193,7.3915419335239685e-06,False,False,Brownian
TJ356,CBD 0.3uM,1208_4_33,185,35.04229032375109,-0.15721773005346318,0.6434651033847536,False,False,Brownian
TJ356,CBD 0.3uM,1208_4_37,174,6.7215007436320535,-1.644537892165393,0.051543997354295774,False,False,Brownian
TJ356,CBD 0.3uM,1208_4_39,208,408.9477070564569,,,False,False,Brownian
TJ356,CBD 0.3uM,1208_4_4,151,251.9595265925747,-0.1487676637871953,0.8743652393740834,False,False,Brownian
TJ356,CBD 0.3uM,1208_4_40,164,23.623884881967253,-1.6230003500958472,0.19687971256528847,False,False,Brownian
TJ356,CBD 0.3uM,1208_4_41,134,58.3101511069144,-0.6470830350052054,0.3163840584259422,False,False,Brownian
TJ356,CBD 0.3uM,1208_4_42,96,2.7570125699937917,-0.10711392343275161,0.4477280917094827,True,False,Lévy
TJ356,CBD 0.3uM,1208_4_44,230,216.1081656507783,-0.5129600946078159,0.556710706313768,False,False,Brownian
TJ356,CBD 0.3uM,1208_4_45,121,5.0173986639234185,-0.8378562984291569,0.34392557887541797,False,False,Brownian
TJ356,CBD 0.3uM,1208_4_48,137,860.5039753074592,,,False,False,Brownian
TJ356,CBD 0.3uM,1208_4_49,88,14.076087245450635,0.34437855063229605,0.870585940062,False,False,Brownian
TJ356,CBD 0.3uM,1208_4_5,54,52.93702147200268,0.3154865583884625,0.5464454541670332,False,False,Brownian
TJ356,CBD 0.3uM,1208_4_50,111,3.6914251876648456,-0.002427657487391599,0.9591941419261991,False,False,Brownian
TJ356,CBD 0.3uM,1208_4_52,77,144.84133250209635,0.002529982626349181,0.7609404637576286,False,False,Brownian
TJ356,CBD 0.3uM,1208_4_58,72,14.394655037229933,-1.8464028592086814,0.21339349278518216,False,False,Brownian
TJ356,CBD 0.3uM,1208_4_66,57,6.623606464653505,0.23590732302129613,0.29657635003601823,False,False,Brownian
TJ356,CBD 0.3uM,1208_4_7,180,12.290656841739711,-81.3756970178756,7.998127292390115e-51,False,False,Brownian
TJ356,CBD 0.3uM,1208_4_8,117,34.552086466219045,-0.3107988908970576,0.7062169627810825,False,False,Brownian
TJ356,CBD 0.3uM,1208_4_9,91,3.6713697314238574,-0.08984803413276943,0.8269297768475644,False,False,Brownian
TJ356,CBD 0.3uM,1208_4_96,55,2.2868565286667764,0.0010032316798035401,0.8423927513032996,True,False,Lévy
TJ356,CBD 0.3uM,1214_3_0,228,3.394381509023931,-0.2065696164328501,0.06441159354305291,False,False,Brownian
TJ356,CBD 0.3uM,1214_3_11,64,4.470039907490229,-0.6751327581989907,0.392772659066313,False,False,Brownian
TJ356,CBD 0.3uM,1214_3_113,66,1.7940210744731264,-1.0454320509938935,0.3387422915879934,True,False,Lévy
TJ356,CBD 0.3uM,1214_3_12,68,99.1032627804495,0.6509742045514919,0.31562143698120737,False,False,Brownian
TJ356,CBD 0.3uM,1214_3_13,195,8.47297549965776,-1.0283636867253763,0.15167361206136876,False,False,Brownian
TJ356,CBD 0.3uM,1214_3_14,223,3.9135325075950447,0.001516786003243474,0.8936337098096877,False,False,Brownian
TJ356,CBD 0.3uM,1214_3_15,213,12.525743626712078,-0.6039862698690954,0.4405545162984308,False,False,Brownian
TJ356,CBD 0.3uM,1214_3_164,62,4.109733517182349,-0.5365126983720525,0.48118682784600575,False,False,Brownian
TJ356,CBD 0.3uM,1214_3_18,128,11.261837668750033,0.09774764215691034,0.5867513381301293,False,False,Brownian
TJ356,CBD 0.3uM,1214_3_19,83,60.871844196891985,0.1959093372053351,0.9240044496796546,False,False,Brownian
TJ356,CBD 0.3uM,1214_3_20,179,47.80814919515775,-0.14128122533204923,0.382724585544982,False,False,Brownian
TJ356,CBD 0.3uM,1214_3_21,178,2.9628627449648746,-5.033544733308322,2.732152082751904e-07,True,False,Lévy
TJ356,CBD 0.3uM,1214_3_23,164,9.665209463026773,-2.3067464117617313,0.012957922637269872,False,False,Brownian
TJ356,CBD 0.3uM,1214_3_24,214,19.07371091402195,0.38390588735674935,0.6462572987625328,False,False,Brownian
TJ356,CBD 0.3uM,1214_3_25,120,14.352328027813359,0.24078608466111628,0.2811335406590427,False,False,Brownian
TJ356,CBD 0.3uM,1214_3_26,136,4.644758520502623,-2.491172878771973,6.477792619847659e-10,False,False,Brownian
TJ356,CBD 0.3uM,1214_3_27,194,65.23368835405185,-2.9396219379935022,0.032828730950071355,False,False,Brownian
TJ356,CBD 0.3uM,1214_3_29,169,20.50523695281878,-0.19470567579080722,0.19729353930582216,False,False,Brownian
TJ356,CBD 0.3uM,1214_3_3,141,30.06000010933483,0.36649408592717947,0.06131983600269085,False,False,Brownian
TJ356,CBD 0.3uM,1214_3_30,140,5.890797396340009,-0.018861930044770547,0.9227885545473319,False,False,Brownian
TJ356,CBD 0.3uM,1214_3_31,140,14.962416537526362,0.2757303276930787,0.3031143655234414,False,False,Brownian
TJ356,CBD 0.3uM,1214_3_32,160,9.878123328547465,-105.66192565336299,7.584834641901002e-96,False,False,Brownian
TJ356,CBD 0.3uM,1214_3_33,115,3.2079042481580267,-0.014398572086963157,0.9075639918729821,False,False,Brownian
TJ356,CBD 0.3uM,1214_3_34,78,2.4721071556067464,-2.584384492163532,0.005105212441006536,True,False,Lévy
TJ356,CBD 0.3uM,1214_3_35,89,24.34542884347595,-11.901828253218781,0.014141071035048062,False,False,Brownian
TJ356,CBD 0.3uM,1214_3_36,69,53.140892451733116,-0.4038329750526719,0.4773658433351462,False,False,Brownian
TJ356,CBD 0.3uM,1214_3_41,120,90.27921431327003,-2.69466477119376,0.0014981791192609773,False,False,Brownian
TJ356,CBD 0.3uM,1214_3_43,64,7.026166031134374,-0.5514353296469128,0.06818931101203461,False,False,Brownian
TJ356,CBD 0.3uM,1214_3_60,176,16.122422150167132,-0.16826710684807622,0.44046323341599714,False,False,Brownian
TJ356,CBD 0.3uM,1214_3_7,66,7.240885060215978,-0.9108611513266891,0.3171211924017878,False,False,Brownian
TJ356,CBD 0.3uM,1214_3_8,144,2.87224673073891,-0.0054648765751144635,0.8274090895557467,True,False,Lévy
TJ356,CBD 0.3uM,1214_3_88,152,7.363691208522316,-1.7293209515791226,0.07522554913968871,False,False,Brownian
TJ356,CBD 0.3uM,1214_3_9,52,4.7791305827624235,-0.7861478985425778,0.11224067923353798,False,False,Brownian
TJ356,CBD 0.3uM,1214_3_95,85,3.2621131653414763,-0.015530532323145163,0.8716829835339722,False,False,Brownian
TJ356,CBD 0.3uM,1214_3_96,61,2.165975832080724,-1.4984131107188627,0.3137933258422303,True,False,Lévy
TJ356,CBD 0.3uM,1234_0_0,84,1.7428366030017144,-0.2804628949924921,0.6606842749699493,True,False,Lévy
TJ356,CBD 0.3uM,1234_0_1,209,47.097332671799,-2.0603798334361336,0.04505803355934927,False,False,Brownian
TJ356,CBD 0.3uM,1234_0_10,197,3.422151185044053,-0.016470972489081803,0.8978214008065923,False,False,Brownian
TJ356,CBD 0.3uM,1234_0_106,52,10.062078785758825,-0.10746833671835476,0.14211999514132231,False,False,Brownian
TJ356,CBD 0.3uM,1234_0_111,93,3.4621630634811926,-3.1856900232262184,0.00767194972284919,False,False,Brownian
TJ356,CBD 0.3uM,1234_0_113,76,4.171839416438804,-1.6804000127845375,0.1543174014702799,False,False,Brownian
TJ356,CBD 0.3uM,1234_0_12,142,83.50412478982688,-0.09686453467321521,0.4674435524535686,False,False,Brownian
TJ356,CBD 0.3uM,1234_0_13,138,46.737936240500865,0.012024459850916713,0.637231565134863,False,False,Brownian
TJ356,CBD 0.3uM,1234_0_15,172,34.80597410128359,0.0714143477405802,9.644809233188241e-05,False,True,Brownian
TJ356,CBD 0.3uM,1234_0_150,55,43.93410560659593,-0.7387035500927803,0.201668857054478,False,False,Brownian
TJ356,CBD 0.3uM,1234_0_156,70,6.271214927009112,-0.6952913386851055,0.14514197796972547,False,False,Brownian
TJ356,CBD 0.3uM,1234_0_16,225,18.925279819911232,-0.08355342008104295,0.35878886475959215,False,False,Brownian
TJ356,CBD 0.3uM,1234_0_17,203,4.655717136731741,-0.489458323128505,0.23846324252988738,False,False,Brownian
TJ356,CBD 0.3uM,1234_0_18,209,17.154708298549913,-0.3238535813467145,0.0034846140617011494,False,False,Brownian
TJ356,CBD 0.3uM,1234_0_19,94,17.951666730445318,-17.356480279798433,1.019634741053088e-06,False,False,Brownian
TJ356,CBD 0.3uM,1234_0_2,155,3.0184148153306496,-5.296789003813984,0.001080804296973849,False,False,Brownian
TJ356,CBD 0.3uM,1234_0_20,93,23.36177313377893,-0.0023262879699963435,0.9885038325873937,False,False,Brownian
TJ356,CBD 0.3uM,1234_0_21,66,710.1830792032516,,,False,False,Brownian
TJ356,CBD 0.3uM,1234_0_22,134,35.02595056036273,-0.2606866164319226,0.31466478769514117,False,False,Brownian
TJ356,CBD 0.3uM,1234_0_23,133,6.139168538993049,-0.9461499183641204,0.1671992881942953,False,False,Brownian
TJ356,CBD 0.3uM,1234_0_24,230,130.0630268349861,-0.7867492567941419,8.949493913875546e-28,False,False,Brownian
TJ356,CBD 0.3uM,1234_0_25,200,42.48705356640641,-0.11955631335524952,0.2708823027197593,False,False,Brownian
TJ356,CBD 0.3uM,1234_0_26,157,66.34602676186631,-0.6449732549852607,0.4399398232014141,False,False,Brownian
TJ356,CBD 0.3uM,1234_0_27,145,84.65317553085822,-0.17765748065513076,0.11415171956555736,False,False,Brownian
TJ356,CBD 0.3uM,1234_0_28,198,9.036065484346503,0.020846092772874858,0.3239788975550485,False,False,Brownian
TJ356,CBD 0.3uM,1234_0_3,95,20.48353757033553,-0.886077396138724,0.27019894960628665,False,False,Brownian
TJ356,CBD 0.3uM,1234_0_32,184,20.628873245046503,0.09929919616738525,0.6720641282584467,False,False,Brownian
TJ356,CBD 0.3uM,1234_0_33,151,,0.0,1.0,False,False,Brownian
TJ356,CBD 0.3uM,1234_0_37,51,7.63759097791719,0.058597859745117886,0.31259920788714657,False,False,Brownian
TJ356,CBD 0.3uM,1234_0_4,168,9.053901698304752,-0.18775568362621753,0.4907578951094004,False,False,Brownian
TJ356,CBD 0.3uM,1234_0_44,131,20.280983784631108,0.001823175585975001,0.9006071684187613,False,False,Brownian
TJ356,CBD 0.3uM,1234_0_45,190,7.465921633569963,-0.1395378892369583,0.18526029243863362,False,False,Brownian
TJ356,CBD 0.3uM,1234_0_46,174,6.598989639797796,0.005567861170127308,0.8018088206838456,False,False,Brownian
TJ356,CBD 0.3uM,1234_0_48,65,8.932308241524293,0.038693340942398846,0.21004054175986264,False,False,Brownian
TJ356,CBD 0.3uM,1234_0_5,182,3.941461570718456,-0.04203056514126691,0.4542315139461274,False,False,Brownian
TJ356,CBD 0.3uM,1234_0_56,147,2.2988644289985745,-3.37473057733706,5.829765821368874e-05,True,False,Lévy
TJ356,CBD 0.3uM,1234_0_58,61,3.8161949385330534,-0.5596133435133914,0.22310406621611534,False,False,Brownian
TJ356,CBD 0.3uM,1234_0_7,198,19.940794085208637,-0.5429771529924077,0.009311216164359915,False,False,Brownian
TJ356,CBD 0.3uM,1234_0_70,122,2.840322703508034,-4.092527421622889,0.0816977471091812,True,False,Lévy
TJ356,CBD 0.3uM,1234_0_8,125,15.426950408889633,0.24752383953047463,1.4927017440876646e-07,False,True,Brownian
TJ356,CBD 0.3uM,1234_0_9,200,7.930704741142036,-0.2583226825236935,0.6551004191589606,False,False,Brownian
TJ356,CBD 0.3uM,1234_0_95,52,2.651186390310377,-1.7070337001593148,0.057636825633251225,True,False,Lévy
TJ356,CBD 0.3uM,1240_2_0,121,4.225276390652571,-5.39004005879566,0.0028782336788956467,False,False,Brownian
TJ356,CBD 0.3uM,1240_2_1,174,11.078820527220005,-1.0426951338346069,0.07356102368452361,False,False,Brownian
TJ356,CBD 0.3uM,1240_2_10,207,10.480567411556041,-143.26484887303798,2.9960462165605136e-105,False,False,Brownian
TJ356,CBD 0.3uM,1240_2_105,98,2.6904047756853617,0.03746114406204504,0.11941802322975592,True,False,Lévy
TJ356,CBD 0.3uM,1240_2_119,65,2.8337867028763473,-1.949839189678483,0.3203225488021503,True,False,Lévy
TJ356,CBD 0.3uM,1240_2_12,143,33.10537250063087,-0.7558212642898887,0.05140557119388117,False,False,Brownian
TJ356,CBD 0.3uM,1240_2_124,54,2.49723053656502,-3.131939579556362,0.023268942074356883,True,False,Lévy
TJ356,CBD 0.3uM,1240_2_13,181,6.021298366225201,-0.6434005777430684,0.20380191731531905,False,False,Brownian
TJ356,CBD 0.3uM,1240_2_14,137,31.407572400275072,0.313954798457158,0.6670353011735527,False,False,Brownian
TJ356,CBD 0.3uM,1240_2_15,115,6.287972065972601,-8.532182273191939,5.523783393949109e-07,False,False,Brownian
TJ356,CBD 0.3uM,1240_2_16,65,188.5503553155652,1.3699599906506847,0.3942014865926995,False,False,Brownian
TJ356,CBD 0.3uM,1240_2_17,75,3.348622490017949,-0.7158539535447597,0.08261131564811991,False,False,Brownian
TJ356,CBD 0.3uM,1240_2_2,113,9.979732857342748,-0.6937061302759743,0.025964249514575766,False,False,Brownian
TJ356,CBD 0.3uM,1240_2_20,164,19.68751746069141,0.42821459021367714,0.10511731340629736,False,False,Brownian
TJ356,CBD 0.3uM,1240_2_22,138,18.461706686996667,-2.373844562259073,0.043262311429603746,False,False,Brownian
TJ356,CBD 0.3uM,1240_2_24,88,2.792810978508948,-0.5842496639440509,0.13608309283844555,True,False,Lévy
TJ356,CBD 0.3uM,1240_2_25,202,42.1107987229236,-0.15425808056713208,0.7494357330154882,False,False,Brownian
TJ356,CBD 0.3uM,1240_2_26,54,18.31234049066756,0.10458422908890963,0.14114116293081125,False,False,Brownian
TJ356,CBD 0.3uM,1240_2_3,135,13.426698691192238,-1.929234850268693,0.001821073426092823,False,False,Brownian
TJ356,CBD 0.3uM,1240_2_30,83,10.978640699481996,-1.662960915757001,0.02362574434338242,False,False,Brownian
TJ356,CBD 0.3uM,1240_2_31,86,4.436716090617166,-0.001176883660213901,0.9767915132420997,False,False,Brownian
TJ356,CBD 0.3uM,1240_2_4,108,156.81106441600807,3.665642679668874,0.4847848215059345,False,False,Brownian
TJ356,CBD 0.3uM,1240_2_5,180,84.67631237155987,-0.47195064308383117,0.28979612371363006,False,False,Brownian
TJ356,CBD 0.3uM,1240_2_6,147,5.3279745795076305,-0.08878893827040851,0.1503823331804459,False,False,Brownian
TJ356,CBD 0.3uM,1240_2_7,139,3.836837583100212,-1.889986511956784,1.072444124851303e-07,False,False,Brownian
TJ356,CBD 0.3uM,1240_2_85,67,6.23796090541159,0.01579373562968267,0.5890349926684819,False,False,Brownian
TJ356,CBD 0.3uM,1240_2_9,94,12.148500981784537,-0.006562082754972609,0.8641307094106689,False,False,Brownian
TJ356,CBD 0.3uM,1240_2_94,57,2.8558931137800454,0.0027788179112024913,0.5330930466734626,True,False,Lévy
TJ356,CBD 0.3uM,1252_1_0,160,8.924288777695274,0.08190893175491176,0.2219079225090691,False,False,Brownian
TJ356,CBD 0.3uM,1252_1_1,216,4.542755640226343,-1.444358794034518,0.15997771720717457,False,False,Brownian
TJ356,CBD 0.3uM,1252_1_10,110,11.831737479164897,0.04555942587761441,0.9371203887712021,False,False,Brownian
TJ356,CBD 0.3uM,1252_1_11,100,4.778694214626148,0.0010323704899608405,0.863164013877565,False,False,Brownian
TJ356,CBD 0.3uM,1252_1_12,211,7.57109882056762,-0.13982968132391616,0.752543683077843,False,False,Brownian
TJ356,CBD 0.3uM,1252_1_13,179,4.848455985171291,-8.621786098171697,0.00011591507956504181,False,False,Brownian
TJ356,CBD 0.3uM,1252_1_14,207,16.66813118022632,-4.64458535400553,1.9508119661177966e-05,False,False,Brownian
TJ356,CBD 0.3uM,1252_1_15,140,,0.0,1.0,False,False,Brownian
TJ356,CBD 0.3uM,1252_1_154,67,4.189576806137988,-0.04818755863925239,0.8460934476463047,False,False,Brownian
TJ356,CBD 0.3uM,1252_1_16,104,24.08312065422341,-14.010318363679328,5.2101895543938134e-05,False,False,Brownian
TJ356,CBD 0.3uM,1252_1_17,242,4.538568565326685,0.0003996764844162448,0.9799377820571693,False,False,Brownian
TJ356,CBD 0.3uM,1252_1_174,80,4.80262148915479,-0.8511673952934717,0.1929987211013533,False,False,Brownian
TJ356,CBD 0.3uM,1252_1_18,200,69.34684280155732,0.0947316076087894,0.9279681734889373,False,False,Brownian
TJ356,CBD 0.3uM,1252_1_19,153,152.85954529647827,0.03111428614873013,2.9538090096758435e-30,False,True,Brownian
TJ356,CBD 0.3uM,1252_1_197,76,39.29757661421998,-0.6258132941931986,0.3851167770750624,False,False,Brownian
TJ356,CBD 0.3uM,1252_1_2,207,7.541052121181491,-0.11743836168933852,0.1323552077852217,False,False,Brownian
TJ356,CBD 0.3uM,1252_1_20,145,1.9549624538285895,-3.136877262154448,0.19839027722744096,True,False,Lévy
TJ356,CBD 0.3uM,1252_1_21,186,4.007039736551633,-2.978800684073061,0.00044679328869382657,False,False,Brownian
TJ356,CBD 0.3uM,1252_1_23,206,22.45777129784288,-1.1587448186937217,0.13555398273963346,False,False,Brownian
TJ356,CBD 0.3uM,1252_1_25,64,8.442032466182559,-0.2465051906423612,0.31786041616987515,False,False,Brownian
TJ356,CBD 0.3uM,1252_1_26,198,22.585472187918377,-1.4305096536230737,0.02017174905538848,False,False,Brownian
TJ356,CBD 0.3uM,1252_1_29,78,2.8227740324047046,0.0005982656794728536,0.9403499751338765,True,False,Lévy
TJ356,CBD 0.3uM,1252_1_30,169,2.357189756540027,-0.31916731158738076,0.06985142573139785,True,False,Lévy
TJ356,CBD 0.3uM,1252_1_31,197,14.86394746610369,-3.480133929178115,2.9903115093162654e-58,False,False,Brownian
TJ356,CBD 0.3uM,1252_1_32,177,7.94481114549697,-0.7753056431821341,0.2072330632776952,False,False,Brownian
TJ356,CBD 0.3uM,1252_1_33,194,5.938411472156858,0.09454212843108675,0.00045047734208309234,False,True,Brownian
TJ356,CBD 0.3uM,1252_1_34,165,7.424320834180612,-0.7729216411769049,0.011694598365382657,False,False,Brownian
TJ356,CBD 0.3uM,1252_1_35,109,45.929645559113425,-6.767786480931087,0.04770556102843705,False,False,Brownian
TJ356,CBD 0.3uM,1252_1_38,167,6.2619845616856935,-0.5487618704669072,0.1335854208017986,False,False,Brownian
TJ356,CBD 0.3uM,1252_1_39,170,13.908324050059145,-0.7269700345070311,0.12778710993656078,False,False,Brownian
TJ356,CBD 0.3uM,1252_1_4,156,9.217273735057255,-1.0750038494836947,3.433947281942504e-10,False,False,Brownian
TJ356,CBD 0.3uM,1252_1_40,115,5.93262186226954,-0.6664248981802241,0.4632211680401036,False,False,Brownian
TJ356,CBD 0.3uM,1252_1_41,89,5.29346282417943,-2.110849997374277,0.05853394683589172,False,False,Brownian
TJ356,CBD 0.3uM,1252_1_43,132,5.595500451223403,-5.207853775142114,6.904857370482697e-05,False,False,Brownian
TJ356,CBD 0.3uM,1252_1_45,59,3.9907302349719207,-1.8695628531894224,0.0721291200930037,False,False,Brownian
TJ356,CBD 0.3uM,1252_1_48,119,3.1826508376066656,-1.2652675852719204,0.1500745976465906,False,False,Brownian
TJ356,CBD 0.3uM,1252_1_5,192,68.5768727974271,-5.341881741670327,0.010854047883217088,False,False,Brownian
TJ356,CBD 0.3uM,1252_1_6,177,35.76462173440508,0.2515056889755152,0.0024220518479874074,False,True,Brownian
TJ356,CBD 0.3uM,1252_1_64,76,2.792730626541349,-2.1354905244349807,0.23050095073159393,True,False,Lévy
TJ356,CBD 0.3uM,1252_1_7,175,3.003548218899564,-0.16775190956137087,0.0053720461590587324,False,False,Brownian
TJ356,CBD 0.3uM,1252_1_70,75,5.515011510095679,-0.11242820809633222,0.028478924638475924,False,False,Brownian
TJ356,CBD 0.3uM,1252_1_72,167,3.565255030354346,0.0005431699929665523,0.9111567385686214,False,False,Brownian
TJ356,CBD 0.3uM,1252_1_73,82,487.63622374290946,,,False,False,Brownian
TJ356,CBD 0.3uM,1252_1_8,221,115.89272984265993,0.002351156848908076,0.9966268974195814,False,False,Brownian
TJ356,CBD 0.3uM,1252_1_81,182,10.42491759765311,-0.01212045565321071,0.9229076351483866,False,False,Brownian
TJ356,CBD 0.3uM,1252_1_9,174,10.366478285799085,-0.015988808349024886,0.650550401203907,False,False,Brownian
TJ356,CBD 0.3uM,1252_1_97,75,2.5055859697757175,-0.0933944355924631,0.0006973473345775606,True,False,Lévy
TJ356,ETANOL,1101_3_0,117,38.510071063113045,-8.901918270840014,0.000784516966760711,False,False,Brownian
TJ356,ETANOL,1101_3_1,102,33.701087593483166,-0.05522206098726379,0.9210665466108731,False,False,Brownian
TJ356,ETANOL,1101_3_10,243,6.447449983107442,-0.07714580385080816,0.1871398413038291,False,False,Brownian
TJ356,ETANOL,1101_3_11,65,21.11926646574626,0.14681965907352001,0.009182478180739683,False,True,Brownian
TJ356,ETANOL,1101_3_13,157,167.09357637295776,-3.6414051668804635,0.0020648689978813206,False,False,Brownian
TJ356,ETANOL,1101_3_133,77,35.923413373993334,0.06122839507352795,0.6697778346885943,False,False,Brownian
TJ356,ETANOL,1101_3_14,163,4.340804355240242,-0.26209617302747995,0.029200367892045654,False,False,Brownian
TJ356,ETANOL,1101_3_147,57,14.705602888445151,-17.914559393599838,3.5316652505191028e-09,False,False,Brownian
TJ356,ETANOL,1101_3_15,73,163.35608314337634,-0.3313824427651322,0.02636923947922818,False,False,Brownian
TJ356,ETANOL,1101_3_18,156,24.818165392253913,-1.437150570235767,0.09460012678120623,False,False,Brownian
TJ356,ETANOL,1101_3_184,50,5.881116801270155,-0.30797090838837604,0.1489669406200579,False,False,Brownian
TJ356,ETANOL,1101_3_19,222,53.64451886847298,-1.3989624807208507,0.20300190596477585,False,False,Brownian
TJ356,ETANOL,1101_3_194,72,194.59157815858978,-0.7918542728792977,0.10973547463871183,False,False,Brownian
TJ356,ETANOL,1101_3_2,118,31.952366331799574,0.38162456474253936,0.6461017477445368,False,False,Brownian
TJ356,ETANOL,1101_3_21,171,3.049569293924604,-0.7688105189719177,4.084735871162554e-10,False,False,Brownian
TJ356,ETANOL,1101_3_22,199,2.6455712076099958,-18.910188410528313,1.258861339267888e-12,True,False,Lévy
TJ356,ETANOL,1101_3_23,196,59.230203785729096,-1.1284594449500365,0.15313685211481845,False,False,Brownian
TJ356,ETANOL,1101_3_26,161,36.54659550671533,-1.2110268157243493,0.010954357302636887,False,False,Brownian
TJ356,ETANOL,1101_3_27,192,15.958982138095854,0.20629605901887604,0.4615025258766384,False,False,Brownian
TJ356,ETANOL,1101_3_28,123,53.140892451733116,-0.4038329750526719,0.4773658433351462,False,False,Brownian
TJ356,ETANOL,1101_3_29,208,371.8233613511442,,,False,False,Brownian
TJ356,ETANOL,1101_3_3,175,7.522556955566955,-0.20304856980715974,0.20776398216901937,False,False,Brownian
TJ356,ETANOL,1101_3_30,112,,0.0,1.0,False,False,Brownian
TJ356,ETANOL,1101_3_32,123,60.150496676447496,-5.459385886436602,0.09852328627333667,False,False,Brownian
TJ356,ETANOL,1101_3_34,240,144.51739700396809,-0.09758255562880036,0.01273735201122537,False,False,Brownian
TJ356,ETANOL,1101_3_35,198,10.641897561202754,0.06976645907849943,0.02057728761751282,False,True,Brownian
TJ356,ETANOL,1101_3_36,227,89.34982801751056,-4.44005219025653,0.002095266445204236,False,False,Brownian
TJ356,ETANOL,1101_3_37,95,7.058471794073689,-0.6644737501832227,0.45382936439122734,False,False,Brownian
TJ356,ETANOL,1101_3_38,106,24.527026820650786,-13.444420762974929,1.5688294614982156e-05,False,False,Brownian
TJ356,ETANOL,1101_3_4,180,4.278690859154908,0.07826131213123194,0.379555942412089,False,False,Brownian
TJ356,ETANOL,1101_3_43,155,37.49955823174143,-1.3806745915167713,0.1431237061919254,False,False,Brownian
TJ356,ETANOL,1101_3_44,120,8.366953400284068,-3.1462514721354147,6.43789085976595e-05,False,False,Brownian
TJ356,ETANOL,1101_3_45,51,15.474379036314788,-0.6474729875390626,0.24530100111723208,False,False,Brownian
TJ356,ETANOL,1101_3_48,115,5.098140235340206,-3.5274977105823475,0.012173022669101481,False,False,Brownian
TJ356,ETANOL,1101_3_49,187,10.466104303376706,-129.50898431571395,2.9150080774410972e-96,False,False,Brownian
TJ356,ETANOL,1101_3_5,143,18.35802643615737,-0.6235007166533757,0.0003762564247577483,False,False,Brownian
TJ356,ETANOL,1101_3_50,140,11.68824694262547,-1.1731524869792305,0.1994543749733091,False,False,Brownian
TJ356,ETANOL,1101_3_52,185,3.9304523639290676,-0.0432947609189515,0.03952339414911106,False,False,Brownian
TJ356,ETANOL,1101_3_53,147,14.195143505564797,-0.6128913393656836,0.0348378458295489,False,False,Brownian
TJ356,ETANOL,1101_3_55,147,2.947387016801151,-5.225429388270611,1.7923321291189901e-09,True,False,Lévy
TJ356,ETANOL,1101_3_6,137,61.210980149967504,-0.5995862442510912,0.41867367086588525,False,False,Brownian
TJ356,ETANOL,1101_3_62,153,4.244913749792281,-15.776355587691178,4.111278560997447e-24,False,False,Brownian
TJ356,ETANOL,1101_3_7,184,53.40375965317638,0.09559158155114977,0.15679764342530633,False,False,Brownian
TJ356,ETANOL,1101_3_9,218,16.876076429161074,-1.8433720925813248,0.02333467998975699,False,False,Brownian
TJ356,ETANOL,1146_4_0,76,5.5061506355761,-1.3257709507490387,0.17805083624879592,False,False,Brownian
TJ356,ETANOL,1146_4_1,216,10.98049850491747,-1.3041848454807485,0.3479024059689849,False,False,Brownian
TJ356,ETANOL,1146_4_11,145,180.25680470898192,-0.24293024684183884,0.8814015070418332,False,False,Brownian
TJ356,ETANOL,1146_4_12,158,4.444807320134944,-0.8915082827817471,0.23977739377310037,False,False,Brownian
TJ356,ETANOL,1146_4_128,70,85.22491946986702,-1.0512042284103655,0.03826208438948694,False,False,Brownian
TJ356,ETANOL,1146_4_13,222,21.011529501837796,-0.5340829105010545,0.08903026176471304,False,False,Brownian
TJ356,ETANOL,1146_4_14,58,2.6226301849095686,-0.7944337285571493,0.1099563932208854,True,False,Lévy
TJ356,ETANOL,1146_4_164,72,2.1435244017280985,-1.1750087711290336,0.3868149338289091,True,False,Lévy
TJ356,ETANOL,1146_4_17,103,185.53370846554682,-2.579678364154585,0.056861892214690665,False,False,Brownian
TJ356,ETANOL,1146_4_18,188,5.723877158168171,-0.09635993210168636,0.23029048378145023,False,False,Brownian
TJ356,ETANOL,1146_4_186,54,3.949668292269136,0.00678068625815878,0.2037872498652571,False,False,Brownian
TJ356,ETANOL,1146_4_19,188,8.10183516974979,0.008328894404762754,0.6200118594543416,False,False,Brownian
TJ356,ETANOL,1146_4_22,124,11.896036927305891,-1.8576477770981814e-05,0.9987707076651261,False,False,Brownian
TJ356,ETANOL,1146_4_23,179,132.91909752237925,-0.10322323511455878,0.9104191660765273,False,False,Brownian
TJ356,ETANOL,1146_4_24,174,100.09886185441854,0.048918649813799675,0.6644763386267714,False,False,Brownian
TJ356,ETANOL,1146_4_25,132,2.507592870422657,-19.25434635804786,2.381970530352424e-13,True,False,Lévy
TJ356,ETANOL,1146_4_27,150,51.78942800087821,-1.0931719817775072,0.012040385406676965,False,False,Brownian
TJ356,ETANOL,1146_4_28,143,207.30539084712177,7.265377267283057,0.44940265112801714,False,False,Brownian
TJ356,ETANOL,1146_4_3,209,9.584337764646174,-0.28789906654609465,0.003409452613547095,False,False,Brownian
TJ356,ETANOL,1146_4_30,238,4.017712599459315,-3.8713062372657254,0.000185190378945073,False,False,Brownian
TJ356,ETANOL,1146_4_31,90,4.44386509232988,-1.2770307316846088,0.17917526979066578,False,False,Brownian
TJ356,ETANOL,1146_4_33,142,23.76252175624809,-3.5480458867762614,0.1282958173932107,False,False,Brownian
TJ356,ETANOL,1146_4_34,62,20.87713167447016,-0.423024655847108,0.2288317239532177,False,False,Brownian
TJ356,ETANOL,1146_4_35,160,44.28085122666891,-0.7727835628948814,0.6523966322075447,False,False,Brownian
TJ356,ETANOL,1146_4_37,134,4.847600239891943,-0.2500993115201924,0.5579909604305286,False,False,Brownian
TJ356,ETANOL,1146_4_4,90,3.6558779532519434,0.025439844652534904,0.38506251587705864,False,False,Brownian
TJ356,ETANOL,1146_4_46,98,9.785275446149974,-1.367816409249203,0.10737134851753263,False,False,Brownian
TJ356,ETANOL,1146_4_5,185,10.74510266905759,-0.2850069540313612,0.2845546830291862,False,False,Brownian
TJ356,ETANOL,1146_4_51,104,4.302652262678718,-0.8376809558486986,0.04738905466019163,False,False,Brownian
TJ356,ETANOL,1146_4_6,81,17.69404261600086,-1.2437932172715183,0.08337195656124509,False,False,Brownian
TJ356,ETANOL,1146_4_7,211,4.684268442725217,-0.09127222920794797,0.10739530621574371,False,False,Brownian
TJ356,ETANOL,1146_4_72,56,2.969345178694628,-3.9703751670255283,0.0020362282140719877,True,False,Lévy
TJ356,ETANOL,1146_4_88,50,2.2804892481182257,-2.0861819808721607,0.02021416941375572,True,False,Lévy
TJ356,ETANOL,1146_4_9,118,29.853900817779273,-0.8882150603055319,0.3371707029201546,False,False,Brownian
TJ356,ETANOL,1146_4_98,60,3.272670972326759,-0.704273284503576,0.23845470169153649,False,False,Brownian
TJ356,ETANOL,1152_5_0,246,38.67861448635896,-0.23666213809538306,0.3120224566886952,False,False,Brownian
TJ356,ETANOL,1152_5_1,114,6.074415529069693,-0.1985685987481549,0.41615497363941223,False,False,Brownian
TJ356,ETANOL,1152_5_10,209,4.429651507111401,-1.1499929058194405,0.14522868459476285,False,False,Brownian
TJ356,ETANOL,1152_5_11,172,3.9712821970985193,0.09036808399501117,0.3448713197004283,False,False,Brownian
TJ356,ETANOL,1152_5_12,170,9.568693236377424,0.2521120380335624,0.26598189662551375,False,False,Brownian
TJ356,ETANOL,1152_5_13,204,37.75419490741522,-1.7797056205051756,0.07766247363438042,False,False,Brownian
TJ356,ETANOL,1152_5_14,194,4.674357737355532,-0.3529032377905774,0.5802381576999271,False,False,Brownian
TJ356,ETANOL,1152_5_15,126,20.958856326652356,-0.6971719221420116,0.29904810672719107,False,False,Brownian
TJ356,ETANOL,1152_5_16,183,4.062682900843107,-0.08413576369492731,0.47373227852273214,False,False,Brownian
TJ356,ETANOL,1152_5_17,180,2.803825001788757,-0.019491807760889324,0.8948611513315015,True,False,Lévy
TJ356,ETANOL,1152_5_20,67,10.832332280315363,0.23219157763658016,0.01082527005250967,False,True,Brownian
TJ356,ETANOL,1152_5_21,137,,0.0,1.0,False,False,Brownian
TJ356,ETANOL,1152_5_22,107,11.255977027847955,-1.3487638441321688,0.0015712397865465725,False,False,Brownian
TJ356,ETANOL,1152_5_23,146,211.63347596978863,1.5689519174582784,0.7103460486519939,False,False,Brownian
TJ356,ETANOL,1152_5_24,192,13.310997682252486,-67.54401633265371,1.4501188000150462e-41,False,False,Brownian
TJ356,ETANOL,1152_5_25,151,7.136533835893898,-77.43142189857758,0.0,False,False,Brownian
TJ356,ETANOL,1152_5_26,76,25.86744357941838,-1.8965030452139473,9.90346883048496e-09,False,False,Brownian
TJ356,ETANOL,1152_5_28,133,2.314292162734807,-0.6279656835127421,0.4781347191854799,True,False,Lévy
TJ356,ETANOL,1152_5_30,115,5.056579915625912,-0.2956543875356593,0.018393716874740673,False,False,Brownian
TJ356,ETANOL,1152_5_33,143,4.179808502649802,-0.14775585158212534,0.7047164661265484,False,False,Brownian
TJ356,ETANOL,1152_5_4,203,3.840823968619834,-3.7033099481596143,0.005379497303437326,False,False,Brownian
TJ356,ETANOL,1152_5_5,174,3.970724080510936,-0.05420462293885253,0.8165318400426638,False,False,Brownian
TJ356,ETANOL,1152_5_58,95,6.129975817151806,-0.0034496586026246945,0.8273313815233421,False,False,Brownian
TJ356,ETANOL,1152_5_6,197,5.0183513036478296,-3.1001724446711005,3.225727652264511e-10,False,False,Brownian
TJ356,ETANOL,1152_5_7,85,59.25465086906321,-1.1466511593338318,0.2252227782711076,False,False,Brownian
TJ356,ETANOL,1152_5_78,147,3.924110695365573,-0.2641829104705007,0.077140910426642,False,False,Brownian
TJ356,ETANOL,1152_5_8,73,2.2965624837733682,-0.13065716088691326,0.16463348475478967,True,False,Lévy
TJ356,ETANOL,1152_5_9,176,35.04229032375109,-0.7302221712765018,0.10460586443743566,False,False,Brownian
TJ356,ETANOL,1218_0_0,227,16.495517887075973,-1.577281323011776,0.04996828543551438,False,False,Brownian
TJ356,ETANOL,1218_0_10,214,6.5465260088653885,0.043050622398564053,0.15938681483963546,False,False,Brownian
TJ356,ETANOL,1218_0_11,148,50.05163139022476,0.009066713318754083,0.9256946803719718,False,False,Brownian
TJ356,ETANOL,1218_0_12,220,21.197730572445487,-0.7619242132215502,0.22592006775903273,False,False,Brownian
TJ356,ETANOL,1218_0_13,218,33.23784477476961,-0.9618179574165033,0.22261649031406594,False,False,Brownian
TJ356,ETANOL,1218_0_138,53,18.691834636852704,-0.6447908444837358,0.18498675105021134,False,False,Brownian
TJ356,ETANOL,1218_0_14,65,20.744663048760618,-0.0264985168843348,0.8931847613627061,False,False,Brownian
TJ356,ETANOL,1218_0_15,72,8.439565044412877,-0.1806515546130375,0.0021732951536869633,False,False,Brownian
TJ356,ETANOL,1218_0_16,198,3.239110275370969,-1.3961625542407388,0.0007806803439370215,False,False,Brownian
TJ356,ETANOL,1218_0_18,53,103.12687097125328,-0.44837287786977065,0.7351318736200873,False,False,Brownian
TJ356,ETANOL,1218_0_19,215,20.40803708596276,0.00047615097415296126,0.9629592513256666,False,False,Brownian
TJ356,ETANOL,1218_0_2,75,3.209288528468503,0.02539816017974328,0.03886249562233714,False,True,Brownian
TJ356,ETANOL,1218_0_20,223,17.46597089805457,-1.2488619508764003,0.10222319516317162,False,False,Brownian
TJ356,ETANOL,1218_0_22,145,11.927306330301123,-0.4912812628187133,0.5791259489618319,False,False,Brownian
TJ356,ETANOL,1218_0_23,118,7.47599266803663,-0.22478901182589517,0.2795850377600205,False,False,Brownian
TJ356,ETANOL,1218_0_25,92,30.787004033282205,-0.6267872345219665,0.24170498680793584,False,False,Brownian
TJ356,ETANOL,1218_0_3,161,16.33733311811989,0.004050131434872206,0.9959869272647885,False,False,Brownian
TJ356,ETANOL,1218_0_30,163,32.921454115887414,-0.9577279254379297,5.343819202776044e-06,False,False,Brownian
TJ356,ETANOL,1218_0_32,147,4.603587465447441,0.10544124106200198,0.257155054192275,False,False,Brownian
TJ356,ETANOL,1218_0_4,161,59.06847539578077,-7.319511260139595,0.007308280134050839,False,False,Brownian
TJ356,ETANOL,1218_0_46,140,3.510352209246563,-0.0023236514690530286,0.3674445454684845,False,False,Brownian
TJ356,ETANOL,1218_0_5,216,2.1690756535120883,-45.60214221548984,5.179706200704262e-23,True,False,Lévy
TJ356,ETANOL,1218_0_50,54,52.05518323409222,0.02229054179771006,0.6275841388809066,False,False,Brownian
TJ356,ETANOL,1218_0_6,108,41.39546114489098,-0.41292022380450843,0.3562150439994889,False,False,Brownian
TJ356,ETANOL,1218_0_8,215,10.617943948681797,-1.5073580880326662,0.2341854456691741,False,False,Brownian
TJ356,ETANOL,1218_0_9,78,13.503357021037681,-3.6207133817475103,0.0006653857578336715,False,False,Brownian
TJ356,ETANOL,1223_2_0,220,6.406608766569869,0.0076450272364420035,0.8281712029355448,False,False,Brownian
TJ356,ETANOL,1223_2_1,112,41.858152991721795,-0.1422406249469852,0.0003882775309751235,False,False,Brownian
TJ356,ETANOL,1223_2_10,104,35.62468098133513,-0.8592915720972645,0.1877815892793825,False,False,Brownian
TJ356,ETANOL,1223_2_11,144,42.008105680934385,-0.07958532713029243,0.7628038055385312,False,False,Brownian
TJ356,ETANOL,1223_2_12,82,2.4900981646161924,-0.0867416544788372,0.20445447976106867,True,False,Lévy
TJ356,ETANOL,1223_2_13,80,2.893049884976244,-0.08122509336199846,0.7740239023119052,True,False,Lévy
TJ356,ETANOL,1223_2_14,78,28.044264719968655,0.056058738706572964,0.8337306068162055,False,False,Brownian
TJ356,ETANOL,1223_2_15,184,8.204915731631788,-8.048691052798805,6.675617588086266e-06,False,False,Brownian
TJ356,ETANOL,1223_2_17,186,5.608107861364482,-1.3537252152880854,0.030946288945737623,False,False,Brownian
TJ356,ETANOL,1223_2_2,138,133.72794376178462,-1.0206963321724558,0.7396241347346384,False,False,Brownian
TJ356,ETANOL,1223_2_20,164,16.425825357759088,-0.5441554747309745,0.3591515909194434,False,False,Brownian
TJ356,ETANOL,1223_2_21,126,22.68016999007627,-1.36715734075019,0.15164354942718042,False,False,Brownian
TJ356,ETANOL,1223_2_23,220,18.379916202643294,-1.195415102473134,0.0001390736210393368,False,False,Brownian
TJ356,ETANOL,1223_2_25,142,13.247814223142772,-0.7030471798166164,0.0655189275450385,False,False,Brownian
TJ356,ETANOL,1223_2_27,156,29.132553297334784,0.36686521748712053,0.028749419461996974,False,True,Brownian
TJ356,ETANOL,1223_2_28,231,87.14381132870854,0.011970756265847982,0.10120803392868179,False,False,Brownian
TJ356,ETANOL,1223_2_29,60,29.853900817779266,-0.23590983064880922,0.7352959619170261,False,False,Brownian
TJ356,ETANOL,1223_2_3,251,13.041320501864654,-0.4264777764189011,0.015515016108050504,False,False,Brownian
TJ356,ETANOL,1223_2_31,223,12.501212597367447,-1.505704601517293,0.164702238541361,False,False,Brownian
TJ356,ETANOL,1223_2_34,130,7.547664325396134,-2.686281372606775,4.0846280555502485e-07,False,False,Brownian
TJ356,ETANOL,1223_2_37,138,19.293488585814664,-0.11771434027174443,0.18757787357703382,False,False,Brownian
TJ356,ETANOL,1223_2_39,124,2.4721518542912007,-1.5410505187986239,0.2950319559774234,True,False,Lévy
TJ356,ETANOL,1223_2_4,158,3.9983407123807275,-3.97594605244661,6.699407310711219e-05,False,False,Brownian
TJ356,ETANOL,1223_2_44,122,4.544682291328382,-1.1809406349778955,0.08783835713051251,False,False,Brownian
TJ356,ETANOL,1223_2_5,184,63.23058034960962,-0.4239071783126902,0.03887137666484232,False,False,Brownian
TJ356,ETANOL,1223_2_6,128,9.091269842107847,-1.0503831371076795,0.09467898330117715,False,False,Brownian
TJ356,ETANOL,1223_2_7,183,49.459728661386514,-0.4961920535615083,2.0288243224216175e-05,False,False,Brownian
TJ356,ETANOL,1223_2_8,193,3.5762044550140195,-0.4096613151126356,0.41467922534531465,False,False,Brownian
TJ356,ETANOL,1223_2_86,58,8.329406951442827,-0.38708328032474437,0.021927634687844595,False,False,Brownian
TJ356,ETANOL,1223_2_9,180,9.33720765268762,-0.005914173420734525,0.2326933178641276,False,False,Brownian
TJ356,ETANOL,1223_2_98,51,3.298262461900814,-0.04118576367014826,0.8494140289836765,False,False,Brownian
TJ356,ETANOL,1229_1_0,131,5.357825741519819,-24.505568475350728,0.0016151916749905276,False,False,Brownian
TJ356,ETANOL,1229_1_1,96,20.336707926213364,-2.908850780838562,0.005440430045866101,False,False,Brownian
TJ356,ETANOL,1229_1_10,115,25.52581569511238,-0.9015552769832089,0.17267531082090037,False,False,Brownian
TJ356,ETANOL,1229_1_11,183,6.251840414367154,-0.9874464867567883,0.00042534256523883295,False,False,Brownian
TJ356,ETANOL,1229_1_12,81,47.74331932480241,-0.18326708294771965,0.8667989250287575,False,False,Brownian
TJ356,ETANOL,1229_1_124,57,2.260730472197942,-1.8754287485070416,0.03317936890026587,True,False,Lévy
TJ356,ETANOL,1229_1_13,208,51.62036325693163,-0.0901182418940927,0.19238890772579387,False,False,Brownian
TJ356,ETANOL,1229_1_14,207,3.362168449613168,-0.20098265286761152,0.684910153727637,False,False,Brownian
TJ356,ETANOL,1229_1_15,93,18.330356558596606,-0.7257827095786702,0.1809199380160954,False,False,Brownian
TJ356,ETANOL,1229_1_16,239,4.450602245941904,-0.01431000835108931,0.5927298036690791,False,False,Brownian
TJ356,ETANOL,1229_1_17,153,48.20550232174213,0.10108875250139882,1.9567284206104052e-07,False,True,Brownian
TJ356,ETANOL,1229_1_18,149,17.13591963275591,-1.299384416988575,0.0008224581640669981,False,False,Brownian
TJ356,ETANOL,1229_1_19,148,6.817519696042362,-0.6337907458741756,0.3385746368003151,False,False,Brownian
TJ356,ETANOL,1229_1_2,121,70.82643997902582,-4.275527325185159,0.04210196694995221,False,False,Brownian
TJ356,ETANOL,1229_1_20,77,7.566203390020052,-1.1973180793661011,0.22050128833593818,False,False,Brownian
TJ356,ETANOL,1229_1_23,227,2.441182586463712,-0.7453622329957412,0.0019602639643559027,True,False,Lévy
TJ356,ETANOL,1229_1_24,144,5.360954945961337,-1.3013893245372425,0.13557839381306988,False,False,Brownian
TJ356,ETANOL,1229_1_25,213,53.07407930847212,0.06978764990131037,0.886778458415244,False,False,Brownian
TJ356,ETANOL,1229_1_26,225,4.370559701332866,-0.10082416840623343,0.7490256506438759,False,False,Brownian
TJ356,ETANOL,1229_1_28,155,13.307172433417545,-0.35600774840054905,0.031153977053348447,False,False,Brownian
TJ356,ETANOL,1229_1_3,155,350.4701406469531,,,False,False,Brownian
TJ356,ETANOL,1229_1_30,130,126.03357021037681,3.086233121010622,0.36612286743539435,False,False,Brownian
TJ356,ETANOL,1229_1_32,203,3.135077334500297,-0.042432641736168564,0.11384837197034536,False,False,Brownian
TJ356,ETANOL,1229_1_35,122,10.253003126183676,-0.2825397313241762,0.2594784087472679,False,False,Brownian
TJ356,ETANOL,1229_1_36,131,4.319550449002297,-0.580440888085715,0.48250499614656517,False,False,Brownian
TJ356,ETANOL,1229_1_4,188,2.557520357529768,-1.728206248663641,0.2850114293435533,True,False,Lévy
TJ356,ETANOL,1229_1_5,195,19.762650963484127,-0.4789234177886681,0.010023031867088849,False,False,Brownian
TJ356,ETANOL,1229_1_54,145,6.0839079425353955,-0.35145405865140256,0.5688585456376389,False,False,Brownian
TJ356,ETANOL,1229_1_6,185,102.23969686431886,-0.3681468725236039,0.27937711757505124,False,False,Brownian
TJ356,ETANOL,1229_1_8,222,5.5397419604968885,-1.1550452262540976,0.11464074270577918,False,False,Brownian
TJ356,ETANOL,1229_1_83,83,14.071451145875063,-0.9322020297105271,0.1695346069745075,False,False,Brownian
TJ356,ETANOL,1229_1_9,90,54.77704141269457,-0.42989995409131776,0.03224951886250336,False,False,Brownian
