FRAME;ID;X;Y;LOST_COUNT;#PIX;X_SIZE;Y_SIZE;SHAPE;CEPA ;TRATAMIENTO
0;0;980;242;0;56;13;8;62224;N2;0,3 uM CBD
0;1;896;499;0;96;9;11;12567;;
0;2;807;547;0;63;16;7;3316;;
0;3;918;527;0;74;8;15;4975;;
0;4;995;535;0;83;7;11;4383;;
0;5;1075;534;0;82;11;12;255;;
0;6;699;607;0;95;8;18;8767;;
0;7;785;590;0;54;27;21;35140;;
0;8;713;657;0;78;9;10;4383;;
3;0;981;242;0;62;13;7;62224;;
3;1;899;499;0;107;9;15;13111;;
3;2;800;548;0;89;11;9;4383;;
3;3;916;524;0;75;8;15;10039;;
3;4;995;535;1;83;7;11;4383;;
3;5;1075;534;1;82;11;12;255;;
3;6;698;607;0;79;8;19;13182;;
3;7;785;590;1;54;27;21;35140;;
3;8;712;657;0;86;10;10;4383;;
4;0;981;242;1;62;13;7;62224;;
4;1;897;498;0;111;20;28;52289;;
4;2;802;548;0;84;11;10;4383;;
4;3;916;519;0;72;20;25;32785;;
4;4;995;535;2;83;7;11;4383;;
4;5;1075;534;2;82;11;12;255;;
4;6;697;613;0;74;7;15;4927;;
4;7;785;590;2;54;27;21;35140;;
4;8;712;657;0;87;10;10;4383;;
5;0;981;242;2;62;13;7;62224;;
5;1;897;499;0;84;20;33;27713;;
5;2;802;549;0;87;10;10;4383;;
5;3;918;516;0;81;21;25;32819;;
5;4;995;535;3;83;7;11;4383;;
5;5;1075;537;0;76;13;8;375;;
5;6;696;614;0;78;6;21;9830;;
5;7;785;591;0;59;26;21;33092;;
5;8;712;658;0;81;9;10;4383;;
6;0;981;242;3;62;13;7;62224;;
6;1;897;498;0;106;21;21;52416;;
6;2;803;548;0;91;12;10;52855;;
6;3;918;510;0;94;20;26;51217;;
6;4;995;535;4;83;7;11;4383;;
6;5;1075;535;0;76;11;9;4383;;
6;6;696;611;0;82;7;26;9798;;
6;7;785;591;1;59;26;21;33092;;
6;8;713;660;0;84;8;11;4383;;
7;0;981;242;4;62;13;7;62224;;
7;1;896;499;0;99;20;21;19648;;
7;2;806;548;0;61;13;7;3327;;
7;3;916;509;0;92;20;25;51217;;
7;4;996;535;0;80;9;11;4383;;
7;5;1074;537;0;79;13;7;4471;;
7;6;695;621;0;58;12;29;25670;;
7;7;785;590;0;55;25;22;32836;;
7;8;713;660;0;90;10;10;4383;;
7;9;1129;463;0;64;11;8;2038;;
8;0;981;242;5;62;13;7;62224;;
8;1;897;498;0;88;21;16;19656;;
8;2;806;549;0;66;13;11;35071;;
8;3;916;504;0;96;20;24;52369;;
8;4;995;535;0;84;8;12;1919;;
8;5;1074;537;1;79;13;7;4471;;
8;6;697;625;0;80;11;19;17479;;
8;7;785;590;1;55;25;22;32836;;
8;8;713;660;0;85;10;10;4383;;
8;9;1129;463;1;64;11;8;2038;;
9;0;981;242;6;62;13;7;62224;;
9;1;896;499;0;87;20;12;20176;;
9;2;806;549;1;66;13;11;35071;;
9;3;915;500;0;83;20;14;36241;;
9;4;995;535;0;84;8;12;1911;;
9;5;1074;538;0;91;12;9;6003;;
9;6;700;631;0;80;15;17;35939;;
9;7;785;590;0;54;20;22;33100;;
9;8;712;659;0;90;11;11;4383;;
9;9;1129;463;2;64;11;8;2038;;
9;10;706;602;0;81;18;20;29704;;
10;0;981;242;7;62;13;7;62224;;
10;1;896;498;0;66;20;9;20432;;
10;2;806;549;2;66;13;11;35071;;
10;3;914;497;0;59;20;11;36560;;
10;4;996;534;0;83;7;13;4983;;
10;5;1073;538;0;87;11;10;4383;;
10;6;697;630;0;82;14;15;50279;;
10;7;785;590;1;54;20;22;33100;;
10;8;714;659;0;96;10;10;4383;;
10;9;1129;463;3;64;11;8;2038;;
10;10;703;602;0;83;17;21;15880;;
11;0;981;242;8;62;13;7;62224;;
11;1;895;499;0;97;19;10;18416;;
11;2;806;549;3;66;13;11;35071;;
11;3;914;497;1;59;20;11;36560;;
11;4;995;535;0;81;9;11;4383;;
11;5;1074;538;0;81;11;9;4383;;
11;6;699;630;0;77;15;15;34959;;
11;7;785;590;2;54;20;22;33100;;
11;8;714;660;0;88;9;10;4383;;
11;9;1129;463;4;64;11;8;2038;;
11;10;695;606;0;81;13;24;13862;;
12;0;981;243;0;54;12;8;62224;;
12;1;900;493;0;105;13;15;9023;;
12;2;806;549;4;66;13;11;35071;;
12;3;914;497;2;59;20;11;36560;;
12;4;995;534;0;82;7;12;8831;;
12;5;1074;539;0;85;10;10;4383;;
12;6;704;638;0;71;20;32;50275;;
12;7;785;590;3;54;20;22;33100;;
12;8;713;659;0;78;15;21;16503;;
12;9;1129;463;5;64;11;8;2038;;
12;10;691;610;0;88;13;22;27651;;
13;0;981;243;1;54;12;8;62224;;
13;1;900;492;0;95;11;15;8823;;
13;2;806;549;5;66;13;11;35071;;
13;3;914;497;3;59;20;11;36560;;
13;4;996;534;0;80;7;12;9839;;
13;5;1075;539;0;88;10;10;4383;;
13;6;704;638;1;71;20;32;50275;;
13;7;785;590;4;54;20;22;33100;;
13;8;714;657;0;77;17;23;49207;;
13;9;1129;463;6;64;11;8;2038;;
13;10;690;610;0;84;14;22;26115;;
14;0;981;243;2;54;12;8;62224;;
14;1;901;487;0;85;11;23;16934;;
14;2;798;542;0;79;7;15;17527;;
14;3;914;497;4;59;20;11;36560;;
14;4;996;534;0;75;7;11;4383;;
14;5;1075;540;0;84;9;10;4383;;
14;6;704;638;2;71;20;32;50275;;
14;7;785;590;5;54;20;22;33100;;
14;8;713;660;0;68;11;20;50807;;
14;9;1129;463;7;64;11;8;2038;;
14;10;690;610;0;78;12;23;25667;;
15;0;983;243;0;60;13;8;62224;;
15;1;900;489;0;90;9;23;16934;;
15;2;799;547;0;90;21;23;13080;;
15;3;914;497;5;59;20;11;36560;;
15;4;996;534;0;84;7;12;9086;;
15;5;1075;540;0;90;11;10;4383;;
15;6;705;639;0;62;13;25;17955;;
15;7;785;590;6;54;20;22;33100;;
15;8;713;660;1;68;11;20;50807;;
15;9;1129;463;8;64;11;8;2038;;
15;10;690;613;0;88;14;23;17507;;
16;0;983;243;1;60;13;8;62224;;
16;1;900;488;0;81;7;22;16998;;
16;2;799;546;0;91;23;23;13080;;
16;3;914;497;6;59;20;11;36560;;
16;4;995;534;0;82;7;12;9087;;
16;5;1076;539;0;96;10;10;4383;;
16;6;705;639;1;62;13;25;17955;;
16;7;785;590;7;54;20;22;33100;;
16;8;713;660;2;68;11;20;50807;;
16;9;1129;463;9;64;11;8;2038;;
16;10;692;619;0;89;18;25;50275;;
17;0;983;243;2;60;13;8;62224;;
17;1;898;497;0;93;7;21;8806;;
17;2;802;553;0;56;18;24;13064;;
17;3;914;497;7;59;20;11;36560;;
17;4;995;534;0;88;9;12;9838;;
17;5;1076;539;1;96;10;10;4383;;
17;6;705;639;2;62;13;25;17955;;
17;7;785;590;8;54;20;22;33100;;
17;8;713;660;0;71;11;20;17523;;
17;10;692;619;1;89;18;25;50275;;
18;0;981;243;0;54;12;7;62224;;
18;1;899;484;0;74;5;23;25143;;
18;2;801;548;0;90;22;22;13080;;
18;3;914;497;8;59;20;11;36560;;
18;4;996;534;0;82;8;12;13111;;
18;5;1076;539;2;96;10;10;4383;;
18;6;705;639;3;62;13;25;17955;;
18;7;785;590;0;67;21;23;33053;;
18;8;713;660;0;74;12;20;50803;;
18;10;692;619;2;89;18;25;50275;;
19;0;980;242;0;57;13;7;62224;;
19;1;897;497;0;78;8;21;16998;;
19;2;801;548;0;53;21;22;29464;;
19;3;914;497;9;59;20;11;36560;;
19;4;996;534;0;88;9;12;1646;;
19;5;1074;539;0;89;12;9;3958;;
19;6;705;639;4;62;13;25;17955;;
19;7;785;590;0;69;20;23;35084;;
19;8;712;660;0;75;12;20;18035;;
19;10;692;619;3;89;18;25;50275;;
20;0;981;242;0;60;13;6;63248;;
20;1;897;497;0;82;8;22;8823;;
20;2;802;547;0;67;21;21;29456;;
20;4;996;534;0;89;9;11;4383;;
20;5;1074;539;1;89;12;9;3958;;
20;6;705;639;5;62;13;25;17955;;
20;7;785;590;0;63;25;23;33100;;
20;8;711;660;0;78;11;15;18231;;
20;10;692;619;4;89;18;25;50275;;
20;11;897;476;0;100;10;24;17478;;
21;0;980;242;0;55;12;6;63248;;
21;1;898;497;0;84;8;22;8823;;
21;2;802;547;1;67;21;21;29456;;
21;4;997;534;0;92;9;12;9838;;
21;5;1075;539;0;91;10;9;4383;;
21;6;705;639;6;62;13;25;17955;;
21;7;785;590;1;63;25;23;33100;;
21;8;711;660;0;80;10;17;18035;;
21;10;692;619;5;89;18;25;50275;;
21;11;898;477;0;91;9;25;17478;;
22;0;980;242;1;55;12;6;63248;;
22;1;899;496;0;82;7;22;16999;;
22;2;800;545;0;72;11;13;127;;
22;4;996;534;0;85;8;12;6007;;
22;5;1076;538;0;92;11;9;4383;;
22;6;705;639;7;62;13;25;17955;;
22;7;785;590;2;63;25;23;33100;;
22;8;711;661;0;71;7;15;22327;;
22;10;692;619;6;89;18;25;50275;;
22;11;898;479;0;89;9;24;17510;;
23;0;980;242;2;55;12;6;63248;;
23;1;899;496;1;82;7;22;16999;;
23;2;799;545;0;65;12;9;1907;;
23;4;996;534;0;77;7;11;4383;;
23;5;1075;539;0;81;10;8;4383;;
23;6;705;639;8;62;13;25;17955;;
23;7;790;567;0;62;28;19;12748;;
23;8;710;656;0;64;6;15;18231;;
23;10;692;619;7;89;18;25;50275;;
23;11;900;486;0;58;5;21;26214;;
23;12;897;206;0;64;19;5;65296;;
24;0;980;242;0;57;12;8;62224;;
24;1;906;497;0;80;7;21;25190;;
24;2;803;547;0;70;11;8;4383;;
24;4;996;534;0;81;7;11;4383;;
24;5;1076;539;0;82;10;8;4383;;
24;6;705;639;9;62;13;25;17955;;
24;7;785;590;0;63;7;23;25095;;
24;8;713;659;0;68;9;12;59238;;
24;10;692;619;8;89;18;25;50275;;
24;11;898;482;0;88;7;22;25190;;
24;12;897;206;1;64;19;5;65296;;
25;0;980;242;1;57;12;8;62224;;
25;1;898;495;0;66;6;22;8823;;
25;2;803;548;0;58;11;22;30240;;
25;4;996;534;1;81;7;11;4383;;
25;5;1074;539;0;82;10;8;4383;;
25;7;785;590;1;63;7;23;25095;;
25;8;713;660;0;70;9;12;26214;;
25;10;692;619;9;89;18;25;50275;;
25;11;900;477;0;93;7;23;8743;;
25;12;897;206;0;66;19;5;65296;;
26;0;980;242;0;55;12;6;63248;;
26;1;898;495;1;66;6;22;8823;;
26;2;803;548;1;58;11;22;30240;;
26;4;996;534;0;89;9;11;4383;;
26;5;1075;539;0;86;10;10;4383;;
26;7;767;558;0;80;8;13;36078;;
26;8;712;657;0;58;9;13;1399;;
26;11;901;483;0;74;9;29;26214;;
26;12;897;206;1;66;19;5;65296;;
27;0;980;242;1;55;12;6;63248;;
27;1;899;498;0;70;8;21;26214;;
27;2;803;548;2;58;11;22;30240;;
27;4;996;534;0;85;9;10;4383;;
27;5;1075;539;0;83;10;9;4383;;
27;7;767;558;1;80;8;13;36078;;
27;8;713;656;0;69;9;12;1143;;
27;11;899;479;0;93;9;25;26214;;
27;12;897;206;2;66;19;5;65296;;
28;0;981;242;0;59;13;6;63248;;
28;1;900;497;0;84;8;21;25191;;
28;2;800;548;0;79;14;11;6015;;
28;4;995;534;0;82;7;12;1918;;
28;5;1075;539;0;91;10;10;4383;;
28;7;767;558;2;80;8;13;36078;;
28;8;712;658;0;68;7;12;18295;;
28;11;898;481;0;94;9;23;25127;;
28;12;897;206;3;66;19;5;65296;;
29;0;981;242;1;59;13;6;63248;;
29;1;899;497;0;65;8;21;16999;;
29;2;798;548;0;89;11;9;4383;;
29;4;995;534;0;83;8;11;4383;;
29;5;1075;539;0;90;10;10;4383;;
29;7;767;558;3;80;8;13;36078;;
29;8;712;659;0;66;7;14;4919;;
29;11;897;477;0;95;10;23;26211;;
29;12;897;206;4;66;19;5;65296;;
30;0;981;242;2;59;13;6;63248;;
30;1;899;498;0;65;8;20;18022;;
30;2;795;549;0;62;21;21;13084;;
30;4;995;534;1;83;8;11;4383;;
30;5;1075;538;0;92;9;10;4383;;
30;7;767;558;4;80;8;13;36078;;
30;8;711;659;0;70;7;14;4983;;
30;11;898;473;0;106;8;21;26214;;
30;12;897;206;5;66;19;5;65296;;
31;0;981;242;3;59;13;6;63248;;
31;1;897;498;0;58;7;20;18022;;
31;2;795;549;1;62;21;21;13084;;
31;4;995;534;0;83;9;10;4383;;
31;5;1075;538;0;94;9;11;4383;;
31;7;767;558;5;80;8;13;36078;;
31;8;711;659;0;71;7;12;1911;;
31;11;898;473;1;106;8;21;26214;;
31;12;897;206;6;66;19;5;65296;;
31;13;989;473;0;62;5;15;9966;;
32;0;981;242;4;59;13;6;63248;;
32;1;900;498;0;73;12;7;3824;;
32;2;795;549;2;62;21;21;13084;;
32;4;995;534;0;83;7;11;4383;;
32;5;1073;538;0;90;8;11;4383;;
32;7;785;590;0;55;19;23;4381;;
32;8;714;661;0;65;8;19;18295;;
32;11;896;474;0;78;12;23;25123;;
32;12;897;206;7;66;19;5;65296;;
32;13;989;471;0;76;6;13;10447;;
33;0;981;242;5;59;13;6;63248;;
33;1;899;498;0;59;8;20;9831;;
33;2;794;569;0;78;19;19;4383;;
33;4;995;534;1;83;7;11;4383;;
33;5;1073;538;0;86;10;10;4383;;
33;7;785;590;0;61;19;23;4508;;
33;8;712;659;0;68;8;11;4383;;
33;11;898;476;0;94;10;24;26150;;
33;12;896;206;0;61;18;5;63232;;
33;13;989;472;0;93;8;15;2254;;
34;0;981;242;6;59;13;6;63248;;
34;1;907;498;0;54;9;20;18023;;
34;2;798;547;0;92;12;12;5119;;
34;4;995;534;0;83;7;11;4383;;
34;5;1073;539;0;87;9;10;4383;;
34;7;785;590;1;61;19;23;4508;;
34;8;712;663;0;84;8;14;14198;;
34;11;897;483;0;64;9;21;18023;;
34;12;896;206;1;61;18;5;63232;;
34;13;987;473;0;53;6;13;21887;;
35;0;981;242;0;59;13;8;62224;;
35;1;906;494;0;60;9;23;17975;;
35;2;798;546;0;87;13;11;4575;;
35;4;995;534;1;83;7;11;4383;;
35;5;1073;541;0;92;10;10;4383;;
35;7;785;590;0;60;14;22;12556;;
35;8;711;662;0;75;7;12;26214;;
35;11;897;480;0;98;10;21;18022;;
35;12;896;206;2;61;18;5;63232;;
35;13;987;473;1;53;6;13;21887;;
35;14;793;572;0;77;13;23;29460;;
36;0;980;242;0;57;12;7;62224;;
36;1;901;494;0;68;9;23;9783;;
36;2;797;548;0;56;11;10;4383;;
36;4;995;534;2;83;7;11;4383;;
36;5;1075;538;0;87;10;10;4383;;
36;7;785;590;0;81;18;22;12556;;
36;8;713;660;0;75;7;12;26214;;
36;11;897;480;1;98;10;21;18022;;
36;12;896;206;0;61;18;5;63232;;
36;13;987;472;0;61;8;15;30550;;
36;14;793;572;1;77;13;23;29460;;
37;0;980;242;1;57;12;7;62224;;
37;1;906;495;0;82;7;22;25702;;
37;2;798;547;0;90;12;10;375;;
37;4;995;534;3;83;7;11;4383;;
37;5;1075;538;0;83;8;10;4383;;
37;7;785;590;0;81;17;22;12556;;
37;8;712;657;0;69;9;15;1399;;
37;11;900;477;0;102;7;23;8806;;
37;12;896;206;1;61;18;5;63232;;
37;13;987;472;1;61;8;15;30550;;
37;14;793;572;2;77;13;23;29460;;
38;0;980;242;2;57;12;7;62224;;
38;1;901;492;0;80;6;24;8806;;
38;2;799;549;0;80;11;10;4471;;
38;4;995;534;0;81;8;10;4383;;
38;5;1075;537;0;81;9;10;4383;;
38;7;785;590;0;101;19;22;28936;;
38;8;713;661;0;81;7;11;4383;;
38;11;901;474;0;102;9;23;8742;;
38;12;896;206;2;61;18;5;63232;;
38;13;987;472;2;61;8;15;30550;;
38;14;793;572;3;77;13;23;29460;;
39;0;980;242;3;57;12;7;62224;;
39;1;900;488;0;81;6;28;8806;;
39;2;802;550;0;72;14;7;4082;;
39;4;995;534;1;81;8;10;4383;;
39;5;1075;538;0;88;9;10;4383;;
39;7;785;591;0;96;19;21;12680;;
39;8;714;661;0;79;9;11;4383;;
39;11;901;471;0;92;9;21;25126;;
39;12;896;206;3;61;18;5;63232;;
39;13;987;472;3;61;8;15;30550;;
39;14;793;572;4;77;13;23;29460;;
40;0;980;242;4;57;12;7;62224;;
40;1;902;490;0;85;8;27;8230;;
40;2;799;544;0;84;9;13;14143;;
40;4;995;534;2;81;8;10;4383;;
40;5;1075;538;0;85;8;11;4383;;
40;7;785;591;0;94;19;21;12680;;
40;8;715;663;0;94;11;15;26209;;
40;11;899;469;0;83;9;23;26146;;
40;12;896;206;4;61;18;5;63232;;
40;13;987;472;4;61;8;15;30550;;
40;14;804;581;0;71;20;20;29464;;
41;0;980;242;5;57;12;7;62224;;
41;1;902;493;0;81;8;14;4919;;
41;2;799;549;0;62;12;10;375;;
41;4;995;534;3;81;8;10;4383;;
41;5;1075;538;0;81;8;10;4383;;
41;7;785;590;0;105;19;22;12552;;
41;8;713;661;0;80;7;13;26419;;
41;11;899;466;0;80;9;25;26144;;
41;12;896;206;5;61;18;5;63232;;
41;13;987;472;5;61;8;15;30550;;
41;14;799;579;0;91;21;20;29064;;
42;0;980;242;6;57;12;7;62224;;
42;1;902;492;0;93;8;15;6015;;
42;2;799;549;1;62;12;10;375;;
42;4;995;534;4;81;8;10;4383;;
42;5;1075;538;0;84;9;10;4383;;
42;7;785;590;0;98;19;23;12572;;
42;8;713;658;0;75;9;13;1843;;
42;11;899;463;0;72;6;15;26210;;
42;12;896;206;6;61;18;5;63232;;
42;13;987;472;6;61;8;15;30550;;
42;14;801;578;0;83;22;22;12568;;
43;0;980;242;7;57;12;7;62224;;
43;1;900;496;0;73;9;11;4383;;
43;2;799;549;2;62;12;10;375;;
43;4;995;534;0;84;8;11;4383;;
43;5;1076;537;0;89;9;10;4383;;
43;7;785;590;0;87;19;22;12552;;
43;8;712;656;0;67;9;16;1263;;
43;11;899;463;0;83;11;25;26144;;
43;12;896;206;7;61;18;5;63232;;
43;13;987;472;7;61;8;15;30550;;
43;14;802;578;0;90;22;22;12568;;
44;0;980;242;0;57;13;8;62224;;
44;1;901;496;0;95;7;13;14199;;
44;2;799;549;3;62;12;10;375;;
44;4;995;534;0;86;7;11;4383;;
44;5;1076;537;0;90;9;11;4383;;
44;7;785;590;0;68;19;19;4381;;
44;8;712;656;0;70;8;15;17535;;
44;11;896;458;0;77;9;15;30579;;
44;12;896;206;8;61;18;5;63232;;
44;13;987;472;8;61;8;15;30550;;
44;14;806;580;0;103;14;9;6001;;
45;0;981;242;0;62;13;8;62224;;
45;1;901;496;0;83;8;14;13175;;
45;2;797;547;0;65;12;7;2545;;
45;4;995;534;1;86;7;11;4383;;
45;5;1076;538;0;93;10;10;4383;;
45;7;785;590;0;64;19;18;4493;;
45;8;712;656;1;70;8;15;17535;;
45;11;894;455;0;68;8;13;29474;;
45;12;896;206;9;61;18;5;63232;;
45;13;987;472;9;61;8;15;30550;;
45;14;809;584;0;102;18;11;3857;;
46;0;980;242;0;56;13;7;62224;;
46;1;900;496;0;93;12;13;1775;;
46;2;796;546;0;91;12;11;19677;;
46;4;995;534;0;81;8;11;4383;;
46;5;1076;538;0;96;9;10;4383;;
46;7;785;590;0;57;19;18;4493;;
46;8;710;660;0;58;12;12;13107;;
46;11;891;446;0;73;8;13;18035;;
46;14;805;580;0;92;19;13;3633;;
47;0;980;242;1;56;13;7;62224;;
47;1;900;494;0;91;12;13;9967;;
47;2;798;545;0;92;12;11;19699;;
47;4;995;534;0;84;7;11;4383;;
47;5;1077;538;0;92;10;9;4383;;
47;7;785;590;0;61;19;18;4493;;
47;8;710;660;1;58;12;12;13107;;
47;11;889;443;0;67;7;17;18018;;
47;14;804;580;0;95;32;15;1936;;
48;0;980;242;2;56;13;7;62224;;
48;1;901;494;0;98;10;12;13175;;
48;2;801;548;0;58;13;9;2487;;
48;4;995;534;1;84;7;11;4383;;
48;5;1077;537;0;96;11;10;4383;;
48;7;785;590;0;68;19;20;4488;;
48;8;710;664;0;53;7;16;63074;;
48;11;896;453;0;70;11;13;17635;;
48;14;803;579;0;83;32;19;10128;;
49;0;980;242;3;56;13;7;62224;;
49;1;900;493;0;98;10;12;13175;;
49;2;805;548;0;58;21;8;36466;;
49;4;995;534;0;83;8;10;4383;;
49;5;1077;537;0;88;12;9;3952;;
49;7;785;590;0;75;19;20;12680;;
49;8;710;664;1;53;7;16;63074;;
49;11;898;460;0;80;8;16;26402;;
49;14;803;579;0;79;26;18;9112;;
49;15;897;206;0;69;20;5;63232;;
50;0;980;242;4;56;13;7;62224;;
50;1;901;493;0;92;10;11;4383;;
50;2;806;549;0;53;13;7;511;;
50;4;995;534;1;83;8;10;4383;;
50;5;1076;538;0;98;11;10;4383;;
50;7;785;590;0;64;19;19;4511;;
50;8;710;664;2;53;7;16;63074;;
50;11;895;457;0;85;12;14;28433;;
50;14;803;579;1;79;26;18;9112;;
50;15;897;206;1;69;20;5;63232;;
51;0;981;242;0;60;13;7;63248;;
51;1;900;494;0;101;11;15;13119;;
51;2;806;549;0;53;13;6;2550;;
51;4;996;534;0;92;7;12;1910;;
51;5;1076;538;0;86;11;9;4383;;
51;7;785;590;1;64;19;19;4511;;
51;8;710;656;0;65;10;10;4383;;
51;11;895;454;0;81;11;10;30485;;
51;14;819;587;0;98;20;10;3888;;
51;15;897;206;2;69;20;5;63232;;
52;0;981;242;0;59;13;7;62224;;
52;1;900;496;0;89;11;10;4383;;
52;2;805;550;0;54;11;8;4383;;
52;4;996;534;0;82;8;12;4927;;
52;5;1076;538;0;85;10;10;4383;;
52;7;785;590;2;64;19;19;4511;;
52;8;710;655;0;59;10;9;4383;;
52;11;891;455;0;82;12;11;13092;;
52;14;819;587;0;96;21;11;3857;;
52;15;897;206;3;69;20;5;63232;;
53;0;981;242;1;59;13;7;62224;;
53;1;901;497;0;87;10;9;4415;;
53;2;805;550;1;54;11;8;4383;;
53;4;996;533;0;90;10;11;4383;;
53;5;1076;538;0;92;10;9;4383;;
53;7;785;590;3;64;19;19;4511;;
53;8;710;657;0;77;11;12;28467;;
53;11;890;457;0;76;11;12;5088;;
53;14;820;589;0;85;16;12;52785;;
53;15;897;206;4;69;20;5;63232;;
54;0;981;242;2;59;13;7;62224;;
54;1;900;496;0;83;11;8;13079;;
54;2;805;550;2;54;11;8;4383;;
54;4;996;534;0;88;7;12;10103;;
54;5;1076;538;0;80;11;8;4383;;
54;7;785;590;4;64;19;19;4511;;
54;8;711;660;0;70;7;13;26423;;
54;11;890;457;1;76;11;12;5088;;
54;14;825;588;0;91;17;12;36401;;
54;15;896;206;0;62;19;5;65296;;
54;16;725;563;0;85;8;18;4983;;
55;0;981;242;3;59;13;7;62224;;
55;1;899;496;0;97;11;10;4383;;
55;2;803;553;0;62;12;6;4086;;
55;4;997;534;0;82;8;11;4383;;
55;5;1076;539;0;94;11;9;4383;;
55;7;785;590;5;64;19;19;4511;;
55;8;711;660;1;70;7;13;26423;;
55;11;895;455;0;79;12;8;2032;;
55;14;824;587;0;82;14;12;3187;;
55;15;896;206;1;62;19;5;65296;;
55;16;718;570;0;91;22;21;4476;;
56;0;981;242;4;59;13;7;62224;;
56;1;901;495;0;84;9;10;4415;;
56;2;803;553;1;62;12;6;4086;;
56;4;996;534;0;87;9;11;4383;;
56;5;1076;538;0;97;11;9;4383;;
56;7;785;590;6;64;19;19;4511;;
56;8;710;662;0;55;7;15;14195;;
56;11;899;458;0;77;17;8;3888;;
56;14;824;585;0;92;17;10;3443;;
56;15;896;206;2;62;19;5;65296;;
56;16;718;569;0;108;23;21;4415;;
57;0;981;242;5;59;13;7;62224;;
57;1;903;495;0;97;13;12;13176;;
57;2;803;553;2;62;12;6;4086;;
57;4;997;534;0;77;7;11;4383;;
57;5;1075;538;0;96;12;9;3955;;
57;7;785;590;7;64;19;19;4511;;
57;8;710;662;1;55;7;15;14195;;
57;11;901;458;0;71;17;7;35952;;
57;14;820;584;0;79;16;6;3952;;
57;15;896;206;3;62;19;5;65296;;
57;16;719;571;0;85;19;20;6104;;
58;0;981;242;6;59;13;7;62224;;
58;1;900;497;0;103;12;12;1918;;
58;2;803;553;3;62;12;6;4086;;
58;4;996;534;0;88;8;12;13175;;
58;5;1076;538;0;78;10;8;4383;;
58;7;785;590;8;64;19;19;4511;;
58;8;710;662;2;55;7;15;14195;;
58;11;904;459;0;80;17;9;3184;;
58;14;823;586;0;83;18;8;3315;;
58;15;896;206;4;62;19;5;65296;;
58;16;719;571;1;85;19;20;6104;;
59;0;980;242;0;56;13;8;62224;;
59;1;901;497;0;93;11;11;4383;;
59;2;803;553;4;62;12;6;4086;;
59;4;996;534;0;84;9;12;1663;;
59;5;1076;538;0;68;10;8;4383;;
59;7;785;590;9;64;19;19;4511;;
59;8;710;662;3;55;7;15;14195;;
59;11;906;459;0;76;15;8;1841;;
59;14;825;585;0;72;17;6;3184;;
59;15;896;206;5;62;19;5;65296;;
59;16;719;571;2;85;19;20;6104;;
60;0;980;242;1;56;13;8;62224;;
60;1;900;496;0;102;11;13;10110;;
60;2;803;553;5;62;12;6;4086;;
60;4;995;535;0;82;7;12;639;;
60;5;1076;538;1;68;10;8;4383;;
60;8;710;662;4;55;7;15;14195;;
60;11;909;459;0;81;18;5;1776;;
60;14;825;586;0;75;16;6;3824;;
60;15;896;206;6;62;19;5;65296;;
60;16;719;571;3;85;19;20;6104;;
61;0;980;242;2;56;13;8;62224;;
61;1;906;492;0;104;12;13;14092;;
61;2;803;553;6;62;12;6;4086;;
61;4;996;534;0;85;10;11;4383;;
61;5;1075;539;0;85;10;10;4383;;
61;8;712;663;0;68;6;14;14182;;
61;11;913;458;0;71;16;5;3056;;
61;14;826;586;0;83;19;6;1265;;
61;15;896;206;7;62;19;5;65296;;
61;16;719;571;4;85;19;20;6104;;
62;0;980;242;3;56;13;8;62224;;
62;1;901;496;0;100;11;11;4383;;
62;2;806;547;0;70;12;10;4606;;
62;4;995;534;0;80;7;12;9087;;
62;5;1075;539;0;89;10;9;4383;;
62;8;710;661;0;83;14;10;7953;;
62;11;917;457;0;73;18;4;496;;
62;14;827;586;0;78;17;5;3824;;
62;15;896;206;8;62;19;5;65296;;
62;16;719;571;5;85;19;20;6104;;
63;0;980;242;4;56;13;8;62224;;
63;1;901;495;0;102;12;10;14206;;
63;2;800;548;0;72;14;9;4511;;
63;4;995;534;0;83;7;12;895;;
63;5;1075;539;1;89;10;9;4383;;
63;8;709;661;0;74;14;10;7569;;
63;11;918;458;0;80;19;5;1776;;
63;14;831;588;0;88;21;7;3696;;
63;15;896;206;9;62;19;5;65296;;
63;16;719;571;6;85;19;20;6104;;
64;0;980;242;5;56;13;8;62224;;
64;1;901;495;0;101;11;10;4383;;
64;2;800;548;1;72;14;9;4511;;
64;4;996;534;0;83;7;12;895;;
64;5;1075;539;0;94;10;9;4383;;
64;8;715;661;0;73;7;12;18023;;
64;11;919;457;0;75;15;7;500;;
64;14;832;587;0;93;18;6;497;;
64;16;724;587;0;81;7;16;18022;;
65;0;980;242;6;56;13;8;62224;;
65;1;901;495;0;99;11;11;4383;;
65;2;800;548;2;72;14;9;4511;;
65;4;995;533;0;100;8;12;4991;;
65;5;1075;539;1;94;10;9;4383;;
65;8;716;662;0;73;11;13;20081;;
65;11;924;457;0;74;19;5;240;;
65;14;829;588;0;101;19;9;3191;;
65;16;724;587;0;80;6;15;13119;;
66;0;980;242;0;57;13;7;62224;;
66;1;900;495;0;88;9;11;4383;;
66;2;800;548;3;72;14;9;4511;;
66;4;996;534;0;89;8;13;4991;;
66;5;1076;539;0;93;10;9;4383;;
66;8;716;663;0;91;10;15;26211;;
66;11;925;457;0;74;17;5;496;;
66;14;826;587;0;92;12;8;3447;;
66;16;724;589;0;87;7;15;4927;;
67;0;980;242;1;57;13;7;62224;;
67;1;899;499;0;95;8;14;14195;;
67;2;800;548;4;72;14;9;4511;;
67;4;996;534;0;88;7;13;4983;;
67;5;1075;539;0;77;10;9;4383;;
67;8;718;664;0;91;12;17;52835;;
67;11;932;456;0;75;16;6;4080;;
67;14;831;587;0;98;17;7;1008;;
67;16;722;590;0;92;7;16;18022;;
68;0;980;242;2;57;13;7;62224;;
68;1;900;499;0;81;9;16;26208;;
68;2;800;548;5;72;14;9;4511;;
68;4;995;534;0;88;8;13;4991;;
68;5;1075;539;0;96;10;9;4383;;
68;8;718;664;0;98;13;15;26215;;
68;11;936;454;0;78;15;7;892;;
68;14;833;586;0;86;16;5;2032;;
68;16;724;591;0;89;7;15;13119;;
69;0;980;242;3;57;13;7;62224;;
69;1;900;499;0;74;9;10;4479;;
69;2;802;545;0;78;14;9;1847;;
69;4;996;534;0;83;7;12;895;;
69;5;1075;540;0;87;10;9;4383;;
69;8;717;664;0;86;11;15;18019;;
69;11;939;454;0;83;15;9;503;;
69;14;833;586;0;91;15;9;4383;;
69;16;723;593;0;81;6;15;13119;;
70;0;980;242;4;57;13;7;62224;;
70;1;900;498;0;96;8;12;1906;;
70;2;805;549;0;65;9;11;4383;;
70;4;995;534;0;81;7;12;895;;
70;5;1075;540;0;82;10;9;4375;;
70;8;716;664;0;85;11;16;60963;;
70;11;947;452;0;74;14;9;1776;;
70;14;830;586;0;95;17;7;1008;;
70;16;723;592;0;79;6;15;13119;;
71;0;980;242;5;57;13;7;62224;;
71;1;899;497;0;92;10;10;4383;;
71;2;803;545;0;57;12;10;4887;;
71;4;996;534;0;93;8;13;4991;;
71;5;1076;539;0;87;11;8;4383;;
71;8;716;664;0;88;11;16;61026;;
71;11;953;454;0;75;15;7;2291;;
71;14;823;587;0;87;17;6;3888;;
71;16;722;594;0;71;6;14;1655;;
72;0;980;242;6;57;13;7;62224;;
72;1;900;496;0;95;9;10;4383;;
72;2;801;548;0;68;12;10;4383;;
72;4;996;535;0;95;9;12;1646;;
72;5;1076;539;1;87;11;8;4383;;
72;8;716;664;0;82;11;16;61025;;
72;11;957;455;0;85;26;21;58881;;
72;14;830;586;0;97;20;6;4080;;
72;16;721;595;0;73;6;15;4991;;
73;0;980;242;7;57;13;7;62224;;
73;1;900;496;0;109;11;11;26483;;
73;2;803;546;0;83;12;10;25407;;
73;4;995;533;0;91;9;11;4383;;
73;5;1077;539;0;86;10;9;4383;;
73;8;715;664;0;78;10;17;61025;;
73;11;957;455;1;85;26;21;58881;;
73;14;825;586;0;99;19;7;2033;;
73;16;722;594;0;78;7;16;18022;;
74;0;980;242;8;57;13;7;62224;;
74;1;901;497;0;110;11;11;9074;;
74;2;803;546;1;83;12;10;25407;;
74;4;995;534;0;93;9;12;1910;;
74;5;1076;538;0;92;11;9;4383;;
74;8;717;664;0;69;12;20;50275;;
74;11;957;455;2;85;26;21;58881;;
74;14;832;585;0;92;15;10;4479;;
74;16;721;595;0;84;7;17;8743;;
75;0;980;242;9;57;13;7;62224;;
75;1;899;497;0;106;10;13;18022;;
75;2;803;546;2;83;12;10;25407;;
75;4;996;534;0;89;9;12;9830;;
75;5;1077;538;0;96;10;9;4383;;
75;8;717;664;0;81;13;23;58913;;
75;11;957;455;3;85;26;21;58881;;
75;14;839;582;0;74;12;9;4607;;
75;16;719;598;0;87;8;17;8806;;
76;1;899;497;1;106;10;13;18022;;
76;2;802;547;0;88;12;8;3954;;
76;4;996;534;0;83;7;12;1654;;
76;5;1076;538;0;84;10;8;4415;;
76;8;714;664;0;63;14;22;52327;;
76;11;957;455;4;85;26;21;58881;;
76;14;844;580;0;88;18;12;814;;
76;16;720;595;0;86;7;17;9063;;
76;17;731;677;0;97;14;18;52295;;
77;1;899;497;0;105;10;16;18022;;
77;2;801;547;0;72;13;12;30472;;
77;4;996;534;0;84;9;12;9838;;
77;5;1076;537;0;90;9;10;4383;;
77;8;716;664;0;56;15;21;52323;;
77;11;957;455;5;85;26;21;58881;;
77;14;837;585;0;80;16;9;8088;;
77;16;721;595;0;71;6;15;4927;;
77;17;731;677;1;97;14;18;52295;;
78;1;899;497;1;105;10;16;18022;;
78;2;799;550;0;56;12;12;32716;;
78;4;996;534;0;83;7;12;9830;;
78;5;1076;538;0;97;10;9;4383;;
78;8;715;664;0;70;9;17;58915;;
78;11;957;455;6;85;26;21;58881;;
78;14;835;585;0;93;16;9;6128;;
78;16;721;595;0;79;6;18;8743;;
78;17;731;677;2;97;14;18;52295;;
79;1;900;495;0;95;11;14;1783;;
79;2;797;550;0;65;10;12;13766;;
79;4;995;534;0;85;8;12;6007;;
79;5;1077;538;0;89;11;9;4383;;
79;8;715;664;1;70;9;17;58915;;
79;11;957;455;7;85;26;21;58881;;
79;14;836;585;0;95;16;10;2040;;
79;16;721;594;0;68;6;16;8742;;
79;17;731;677;3;97;14;18;52295;;
80;1;900;496;0;102;12;13;1015;;
80;2;797;550;1;65;10;12;13766;;
80;4;995;535;0;84;7;12;1638;;
80;5;1077;538;0;91;10;9;4383;;
80;8;719;664;0;62;19;14;52367;;
80;11;957;455;8;85;26;21;58881;;
80;14;836;587;0;95;23;11;504;;
80;16;721;593;0;84;8;16;8806;;
80;17;731;677;4;97;14;18;52295;;
81;1;900;497;0;101;11;14;9974;;
81;2;794;553;0;69;10;8;4383;;
81;4;996;535;0;82;7;12;1638;;
81;5;1077;538;1;91;10;9;4383;;
81;8;717;664;0;59;19;15;34959;;
81;11;957;455;9;85;26;21;58881;;
81;14;840;583;0;86;18;8;1021;;
81;16;722;594;0;73;7;15;6007;;
81;17;733;671;0;95;19;18;34959;;
82;1;899;498;0;103;11;13;10007;;
82;2;794;553;1;69;10;8;4383;;
82;4;995;535;0;76;7;11;4383;;
82;5;1076;537;0;92;10;10;4383;;
82;8;717;664;1;59;19;15;34959;;
82;14;833;585;0;88;17;9;507;;
82;16;722;595;0;73;6;16;9830;;
82;17;725;672;0;57;19;16;52339;;
82;18;980;242;0;53;13;6;62224;;
83;1;906;495;0;106;11;10;28951;;
83;2;793;546;0;61;12;9;1399;;
83;4;996;535;0;87;9;12;1646;;
83;5;1076;538;0;88;10;9;4383;;
83;8;719;664;0;76;21;15;52291;;
83;14;839;582;0;92;15;10;4415;;
83;16;722;595;0;85;5;17;1575;;
83;17;733;673;0;98;19;17;34951;;
83;18;980;242;0;58;13;8;62224;;
84;1;899;495;0;105;11;12;14096;;
84;2;793;546;1;61;12;9;1399;;
84;4;996;534;0;82;7;12;9830;;
84;5;1076;538;0;82;11;8;4383;;
84;8;716;662;0;62;14;7;1783;;
84;14;836;589;0;86;9;14;13107;;
84;16;722;595;0;79;7;14;1607;;
84;17;733;673;1;98;19;17;34951;;
84;18;979;241;0;60;12;7;62224;;
85;1;901;495;0;109;12;12;14204;;
85;2;793;546;2;61;12;9;1399;;
85;4;996;535;0;83;7;12;1646;;
85;5;1077;538;0;92;10;9;4383;;
85;8;714;661;0;59;8;10;4383;;
85;14;836;591;0;95;9;17;25126;;
85;16;723;599;0;82;7;18;17959;;
85;17;733;673;2;98;19;17;34951;;
85;18;979;241;1;60;12;7;62224;;
86;1;901;495;0;95;12;10;1775;;
86;2;793;546;3;61;12;9;1399;;
86;4;996;535;0;87;7;12;1638;;
86;5;1077;538;0;84;10;9;4383;;
86;8;714;661;1;59;8;10;4383;;
86;14;835;590;0;91;8;18;13111;;
86;16;723;600;0;81;6;16;18022;;
86;17;733;673;3;98;19;17;34951;;
86;18;979;241;2;60;12;7;62224;;
87;1;902;496;0;107;13;13;26353;;
87;2;797;548;0;59;13;9;4991;;
87;4;995;535;0;85;8;12;895;;
87;5;1077;537;0;95;10;9;4383;;
87;8;715;660;0;67;8;11;4383;;
87;14;835;592;0;85;7;18;25126;;
87;16;722;601;0;83;6;15;8767;;
87;17;733;673;4;98;19;17;34951;;
87;18;979;241;3;60;12;7;62224;;
88;1;901;498;0;110;11;14;10230;;
88;2;798;549;0;62;12;8;1917;;
88;4;995;534;0;91;9;12;878;;
88;5;1076;538;0;82;10;10;4383;;
88;8;715;660;1;67;8;11;4383;;
88;14;836;591;0;100;8;16;26212;;
88;16;723;601;0;87;7;17;9831;;
88;17;733;673;5;98;19;17;34951;;
88;18;979;241;4;60;12;7;62224;;
89;1;899;500;0;96;10;14;10226;;
89;2;799;548;0;79;13;7;1907;;
89;4;996;535;0;80;7;13;4983;;
89;5;1076;537;0;86;10;10;4383;;
89;8;715;657;0;57;12;8;3703;;
89;14;835;587;0;103;11;9;4383;;
89;16;723;603;0;78;6;18;567;;
89;17;733;673;6;98;19;17;34951;;
89;18;979;241;5;60;12;7;62224;;
90;1;902;495;0;87;11;16;10084;;
90;2;794;547;0;89;14;7;1023;;
90;4;995;534;0;83;7;12;894;;
90;5;1076;537;1;86;10;10;4383;;
90;8;715;657;1;57;12;8;3703;;
90;14;834;587;0;85;11;9;4383;;
90;16;723;603;0;82;7;15;4927;;
90;17;733;673;7;98;19;17;34951;;
90;18;979;241;6;60;12;7;62224;;
91;1;903;495;0;81;8;12;10102;;
91;2;794;547;0;85;13;7;1015;;
91;4;996;534;0;82;7;12;1910;;
91;5;1077;538;0;86;10;9;4383;;
91;8;714;657;0;72;12;12;33911;;
91;14;833;587;0;86;17;16;4974;;
91;16;723;604;0;84;7;13;1639;;
91;17;733;673;8;98;19;17;34951;;
91;18;979;241;7;60;12;7;62224;;
92;1;903;494;0;78;11;16;26400;;
92;2;790;548;0;88;13;7;3071;;
92;4;996;534;1;82;7;12;1910;;
92;5;1076;537;0;100;11;10;4383;;
92;8;714;656;0;74;12;12;35959;;
92;14;831;589;0;87;19;13;4989;;
92;16;724;606;0;84;7;15;13111;;
92;17;733;673;9;98;19;17;34951;;
92;18;979;241;8;60;12;7;62224;;
92;19;896;206;0;61;18;5;63232;;
93;1;903;494;0;98;12;13;10096;;
93;2;790;548;1;88;13;7;3071;;
93;4;995;535;0;78;7;12;1638;;
93;5;1077;537;0;98;11;10;4383;;
93;8;713;654;0;79;11;13;1247;;
93;14;824;590;0;93;17;11;1918;;
93;16;724;608;0;86;7;15;13111;;
93;18;979;241;9;60;12;7;62224;;
93;19;896;206;1;61;18;5;63232;;
94;1;901;497;0;94;11;12;12145;;
94;2;794;548;0;82;11;7;4383;;
94;4;996;535;0;87;9;12;1646;;
94;5;1076;536;0;92;10;11;4383;;
94;8;713;658;0;54;10;9;4383;;
94;14;826;590;0;92;18;15;9022;;
94;16;723;609;0;80;7;13;831;;
94;19;896;206;2;61;18;5;63232;;
95;1;900;498;0;77;11;12;13105;;
95;2;790;548;0;70;10;8;4383;;
95;4;996;535;0;95;8;12;4991;;
95;5;1076;536;0;101;11;11;4383;;
95;8;712;657;0;82;15;11;1911;;
95;14;829;588;0;86;22;13;5064;;
95;16;723;610;0;83;7;16;9830;;
95;19;896;206;3;61;18;5;63232;;
96;1;900;497;0;85;14;15;34679;;
96;2;793;547;0;76;20;7;4080;;
96;4;995;535;0;99;9;12;1646;;
96;5;1076;537;0;93;10;10;4383;;
96;8;713;657;0;84;12;10;3953;;
96;14;832;590;0;86;24;11;2000;;
96;16;722;612;0;85;9;14;4991;;
96;19;896;206;4;61;18;5;63232;;
96;20;813;596;0;81;26;12;488;;
97;1;899;496;0;83;13;14;2935;;
97;2;793;547;0;78;12;7;4083;;
97;4;996;533;0;91;9;11;4383;;
97;5;1076;536;0;97;11;11;4383;;
97;8;714;658;0;80;11;9;4383;;
97;14;838;590;0;68;16;7;3888;;
97;16;722;613;0;66;6;12;8759;;
97;19;896;206;5;61;18;5;63232;;
97;20;810;595;0;81;18;18;32839;;
98;1;900;496;0;110;12;11;32624;;
98;2;792;549;0;86;12;8;4085;;
98;4;995;534;0;95;9;12;1646;;
98;5;1076;537;0;96;11;10;4383;;
98;8;714;658;1;80;11;9;4383;;
98;14;838;590;1;68;16;7;3888;;
98;16;722;612;0;83;8;11;4383;;
98;19;896;206;6;61;18;5;63232;;
98;20;805;592;0;68;15;9;2303;;
98;21;785;590;0;65;19;9;6553;;
99;1;900;498;0;100;12;12;28528;;
99;2;796;547;0;86;12;7;4084;;
99;4;996;535;0;91;9;12;1646;;
99;5;1076;537;0;90;10;10;4383;;
99;8;714;658;2;80;11;9;4383;;
99;14;838;590;2;68;16;7;3888;;
99;16;721;611;0;81;11;11;4383;;
99;19;896;206;7;61;18;5;63232;;
99;20;804;590;0;78;21;16;13201;;
99;21;785;590;0;86;19;16;4505;;
100;1;900;496;0;88;13;8;14097;;
100;2;796;548;0;71;12;8;2039;;
100;4;996;534;0;84;9;12;1646;;
100;5;1077;536;0;90;9;11;4383;;
100;8;715;659;0;79;12;9;26416;;
100;14;838;590;3;68;16;7;3888;;
100;16;720;611;0;83;11;14;1843;;
100;19;896;206;8;61;18;5;63232;;
100;20;800;583;0;82;21;18;9112;;
100;21;785;590;0;94;19;19;12569;;
100;22;980;242;0;57;12;8;62224;;
101;1;901;492;0;94;13;12;4991;;
101;2;795;548;0;75;14;6;511;;
101;4;995;535;0;90;8;12;4983;;
101;5;1076;535;0;77;10;10;4383;;
101;8;715;658;0;92;12;9;20336;;
101;14;830;593;0;73;13;9;4601;;
101;16;720;610;0;81;13;14;10035;;
101;19;896;206;9;61;18;5;63232;;
101;20;794;574;0;78;16;24;25148;;
101;21;785;590;0;78;17;21;25372;;
101;22;980;242;0;53;12;6;63248;;
102;1;902;495;0;94;12;8;4080;;
102;2;794;549;0;74;15;21;63232;;
102;4;995;534;0;87;9;12;26222;;
102;5;1076;536;0;93;10;10;4383;;
102;8;714;658;0;78;11;9;4383;;
102;14;824;595;0;80;13;7;2423;;
102;16;719;606;0;83;12;12;3279;;
102;20;793;573;0;77;12;25;25396;;
102;21;785;591;0;60;12;21;12620;;
102;22;980;242;1;53;12;6;63248;;
103;1;901;494;0;86;13;9;1022;;
103;2;793;549;0;74;15;21;30476;;
103;4;996;534;0;89;9;12;9838;;
103;5;1077;536;0;99;10;11;4383;;
103;8;712;658;0;81;13;9;1407;;
103;14;826;594;0;81;16;9;2032;;
103;16;715;604;0;78;12;11;63249;;
103;20;792;569;0;61;11;35;13349;;
103;21;785;590;0;56;19;22;8588;;
103;22;980;242;2;53;12;6;63248;;
104;1;901;494;0;80;15;14;1023;;
104;2;796;549;0;71;15;21;13068;;
104;4;996;534;0;93;9;11;4383;;
104;5;1077;536;0;99;10;10;4383;;
104;8;711;659;0;69;11;8;4383;;
104;14;826;595;0;79;13;7;2007;;
104;16;716;604;0;78;15;10;5943;;
104;20;792;569;1;61;11;35;13349;;
104;21;785;590;1;56;19;22;8588;;
104;22;980;242;3;53;12;6;63248;;
105;1;900;495;0;75;17;16;4846;;
105;2;796;548;0;55;20;20;14220;;
105;4;996;534;0;97;9;12;9838;;
105;5;1076;537;0;99;11;11;4383;;
105;8;714;660;0;67;9;10;4383;;
105;14;829;593;0;84;17;10;1984;;
105;16;715;603;0;69;14;8;1847;;
105;20;792;569;2;61;11;35;13349;;
105;21;785;590;2;56;19;22;8588;;
105;22;980;242;4;53;12;6;63248;;
106;1;906;489;0;80;18;18;4846;;
106;2;793;549;0;61;20;18;13192;;
106;4;995;533;0;82;8;11;4383;;
106;5;1076;536;0;81;9;10;4383;;
106;8;714;660;1;67;9;10;4383;;
106;14;830;593;0;83;15;6;4607;;
106;16;714;603;0;81;11;7;4415;;
106;20;779;559;0;90;21;21;7044;;
106;21;785;590;3;56;19;22;8588;;
106;22;980;242;5;53;12;6;63248;;
107;1;900;497;0;83;15;16;4844;;
107;2;795;548;0;64;21;18;13192;;
107;4;997;533;0;84;9;11;4383;;
107;5;1076;535;0;97;10;12;887;;
107;8;712;658;0;76;12;9;1905;;
107;14;828;593;0;86;9;10;4383;;
107;16;714;603;0;78;17;6;3440;;
107;20;779;559;1;90;21;21;7044;;
107;21;785;590;4;56;19;22;8588;;
107;22;980;242;6;53;12;6;63248;;
108;1;903;493;0;99;15;15;4415;;
108;2;794;548;0;69;22;14;4924;;
108;4;995;533;0;97;9;12;9838;;
108;5;1076;535;0;95;10;12;10103;;
108;8;713;658;0;81;10;9;4383;;
108;14;828;593;1;86;9;10;4383;;
108;16;711;603;0;84;15;6;503;;
108;20;779;559;2;90;21;21;7044;;
108;21;785;590;5;56;19;22;8588;;
108;22;981;242;0;59;13;7;62224;;
109;1;903;494;0;99;14;12;5118;;
109;2;797;548;0;82;12;8;4088;;
109;4;996;534;0;75;7;11;4383;;
109;5;1077;535;0;109;9;13;823;;
109;8;713;658;0;76;11;8;4383;;
109;14;832;589;0;80;14;11;4383;;
109;16;709;602;0;79;14;9;3315;;
109;20;772;553;0;83;35;15;4000;;
109;21;785;590;6;56;19;22;8588;;
109;22;981;242;1;59;13;7;62224;;
110;1;903;494;0;94;13;13;4478;;
110;2;794;551;0;82;9;12;30700;;
110;4;996;533;0;83;7;12;9838;;
110;5;1076;536;0;103;10;11;4383;;
110;8;711;658;0;65;11;8;4383;;
110;14;833;590;0;94;16;12;508;;
110;16;708;601;0;76;16;5;4080;;
110;20;772;553;1;83;35;15;4000;;
110;21;785;590;7;56;19;22;8588;;
110;22;981;242;2;59;13;7;62224;;
111;1;903;489;0;68;12;19;8759;;
111;2;795;551;0;90;12;12;32712;;
111;4;996;533;0;97;8;13;14207;;
111;5;1077;535;0;93;9;11;4383;;
111;8;713;659;0;81;11;14;14092;;
111;14;830;592;0;82;17;8;1984;;
111;16;706;602;0;79;14;9;1399;;
111;20;772;553;2;83;35;15;4000;;
111;21;785;590;8;56;19;22;8588;;
111;22;981;242;3;59;13;7;62224;;
112;1;901;496;0;83;12;16;8830;;
112;2;797;548;0;75;12;6;2044;;
112;4;995;533;0;81;7;12;10102;;
112;5;1077;536;0;104;9;13;1911;;
112;8;712;662;0;71;12;16;65416;;
112;14;824;594;0;75;17;6;6128;;
112;16;706;602;1;79;14;9;1399;;
112;20;772;553;3;83;35;15;4000;;
112;21;785;590;9;56;19;22;8588;;
112;22;981;242;4;59;13;7;62224;;
113;1;903;489;0;66;10;13;13151;;
113;2;799;548;0;81;15;8;511;;
113;4;995;533;0;87;8;13;4991;;
113;5;1077;537;0;102;10;12;26423;;
113;8;712;662;1;71;12;16;65416;;
113;14;825;553;0;65;18;15;34975;;
113;16;706;602;2;79;14;9;1399;;
113;20;766;542;0;77;18;24;11724;;
113;22;981;242;0;61;14;7;62224;;
113;23;896;206;0;63;18;5;63232;;
114;1;900;496;0;84;10;16;8822;;
114;2;799;548;0;68;14;10;4607;;
114;4;996;534;0;97;8;13;4991;;
114;5;1076;536;0;95;10;11;4383;;
114;8;712;662;2;71;12;16;65416;;
114;14;825;553;1;65;18;15;34975;;
114;16;706;602;3;79;14;9;1399;;
114;20;763;536;0;101;19;23;4574;;
114;22;979;241;0;61;14;7;62224;;
114;23;896;206;1;63;18;5;63232;;
114;24;827;592;0;78;13;8;1907;;
115;1;903;495;0;104;15;12;1022;;
115;2;799;548;0;79;10;9;4383;;
115;4;995;534;0;92;8;12;4991;;
115;5;1076;535;0;84;11;12;52790;;
115;8;712;660;0;62;13;6;1023;;
115;14;825;553;2;65;18;15;34975;;
115;16;706;602;4;79;14;9;1399;;
115;20;759;529;0;94;24;20;12638;;
115;22;979;241;1;61;14;7;62224;;
115;23;896;206;2;63;18;5;63232;;
115;24;825;590;0;75;11;10;4383;;
116;1;903;494;0;105;15;12;1790;;
116;2;799;548;0;79;10;9;4383;;
116;4;995;533;0;96;9;12;1918;;
116;5;1076;535;0;79;11;11;4383;;
116;8;712;658;0;66;12;7;1905;;
116;14;825;553;3;65;18;15;34975;;
116;16;706;602;5;79;14;9;1399;;
116;20;761;529;0;90;19;25;4414;;
116;22;979;241;2;61;14;7;62224;;
116;23;896;206;3;63;18;5;63232;;
116;24;829;593;0;82;13;11;17971;;
117;1;903;493;0;91;15;14;25342;;
117;2;798;549;0;61;10;10;4895;;
117;4;995;533;0;92;8;12;13183;;
117;5;1078;537;0;92;11;11;4383;;
117;8;712;658;1;66;12;7;1905;;
117;14;825;553;4;65;18;15;34975;;
117;16;706;602;6;79;14;9;1399;;
117;20;759;523;0;82;14;24;8758;;
117;22;979;241;3;61;14;7;62224;;
117;23;896;206;4;63;18;5;63232;;
117;24;829;593;1;82;13;11;17971;;
118;1;902;496;0;95;12;18;18039;;
118;2;799;548;0;71;12;10;1918;;
118;4;995;533;0;90;8;12;14198;;
118;5;1077;537;0;91;11;12;50982;;
118;8;712;658;2;66;12;7;1905;;
118;14;825;553;5;65;18;15;34975;;
118;16;691;584;0;82;12;10;1841;;
118;20;762;528;0;90;20;24;9086;;
118;22;979;241;4;61;14;7;62224;;
118;23;896;206;5;63;18;5;63232;;
118;24;829;593;2;82;13;11;17971;;
119;1;901;499;0;90;10;18;18038;;
119;2;799;550;0;90;11;14;14166;;
119;4;995;534;0;86;7;12;10094;;
119;5;1077;536;0;85;10;10;4383;;
119;8;712;658;3;66;12;7;1905;;
119;14;825;553;6;65;18;15;34975;;
119;16;691;584;1;82;12;10;1841;;
119;20;763;532;0;109;21;21;4574;;
119;22;979;241;5;61;14;7;62224;;
119;23;896;206;6;63;18;5;63232;;
119;24;829;597;0;80;5;18;8743;;
120;1;904;496;0;91;13;11;18412;;
120;2;799;548;0;97;12;16;30532;;
120;4;995;534;0;86;8;12;14199;;
120;5;1076;534;0;87;11;10;4383;;
120;8;708;663;0;55;4;17;13926;;
120;14;825;553;7;65;18;15;34975;;
120;16;691;584;2;82;12;10;1841;;
120;20;763;531;0;93;22;19;4430;;
120;22;979;241;6;61;14;7;62224;;
120;23;896;206;7;63;18;5;63232;;
120;24;829;600;0;72;6;15;4927;;
121;1;905;494;0;90;15;11;1020;;
121;2;801;548;0;84;15;12;5503;;
121;4;995;534;0;84;7;12;1646;;
121;5;1077;536;0;83;11;11;4383;;
121;8;708;663;1;55;4;17;13926;;
121;14;825;553;8;65;18;15;34975;;
121;16;696;580;0;80;6;15;831;;
121;20;768;531;0;90;24;21;12936;;
121;22;979;241;7;61;14;7;62224;;
121;23;896;206;8;63;18;5;63232;;
121;24;829;596;0;63;3;18;8743;;
121;25;789;592;0;54;20;17;6280;;
122;1;904;495;0;93;14;10;4924;;
122;2;797;549;0;82;10;11;4383;;
122;4;995;533;0;88;9;11;4383;;
122;5;1077;537;0;81;8;12;10047;;
122;8;710;663;0;55;5;19;13118;;
122;14;825;553;9;65;18;15;34975;;
122;16;694;581;0;79;8;13;25395;;
122;20;775;526;0;76;13;9;1945;;
122;22;979;241;0;60;12;7;62224;;
122;23;896;206;9;63;18;5;63232;;
122;24;829;597;0;73;7;11;4383;;
122;25;789;592;1;54;20;17;6280;;
123;1;901;496;0;93;12;8;4084;;
123;2;797;551;0;89;9;11;4383;;
123;4;995;534;0;83;7;12;1919;;
123;5;1077;537;0;74;11;10;4383;;
123;8;711;658;0;92;15;10;4479;;
123;16;693;581;0;78;12;11;3953;;
123;20;778;527;0;84;28;22;27649;;
123;22;979;241;1;60;12;7;62224;;
123;24;830;598;0;84;8;12;1655;;
123;25;789;592;2;54;20;17;6280;;
124;1;901;497;0;109;12;11;20450;;
124;2;796;552;0;84;9;10;4383;;
124;4;996;534;0;77;7;12;1902;;
124;5;1077;537;0;98;11;10;4383;;
124;8;711;658;0;94;15;10;4607;;
124;16;692;580;0;79;14;10;2547;;
124;20;782;526;0;85;28;21;28161;;
124;22;979;241;2;60;12;7;62224;;
124;24;830;598;1;84;8;12;1655;;
124;25;789;592;3;54;20;17;6280;;
125;1;899;497;0;93;12;9;28658;;
125;2;801;550;0;66;15;12;4927;;
125;4;995;533;0;88;9;11;4383;;
125;5;1077;537;0;94;11;10;4383;;
125;8;711;659;0;89;15;7;1022;;
125;16;690;579;0;77;16;8;3635;;
125;20;784;525;0;83;15;8;895;;
125;22;979;241;3;60;12;7;62224;;
125;24;832;593;0;82;12;14;13103;;
125;25;789;592;4;54;20;17;6280;;
126;1;900;498;0;104;12;10;4082;;
126;2;796;554;0;74;13;12;4381;;
126;4;995;533;0;86;8;11;4383;;
126;5;1077;536;0;92;11;10;4383;;
126;8;710;659;0;79;11;8;4383;;
126;16;690;578;0;71;13;10;1111;;
126;20;790;526;0;98;28;21;50691;;
126;22;979;241;4;60;12;7;62224;;
126;24;834;589;0;72;8;16;17958;;
126;25;789;592;5;54;20;17;6280;;
127;1;898;498;0;98;12;9;3826;;
127;2;797;554;0;91;11;10;4383;;
127;4;996;533;0;93;8;12;14198;;
127;5;1078;537;0;84;12;8;1911;;
127;8;709;659;0;75;10;9;4383;;
127;16;688;578;0;84;17;10;3633;;
127;20;791;528;0;92;22;21;58115;;
127;22;979;241;5;60;12;7;62224;;
127;24;833;594;0;78;13;15;4415;;
127;25;789;592;6;54;20;17;6280;;
128;1;897;498;0;94;14;9;3826;;
128;2;798;554;0;92;10;11;4383;;
128;4;995;532;0;80;7;11;4383;;
128;5;1077;537;0;88;11;10;4383;;
128;8;710;659;0;92;11;10;4383;;
128;16;689;576;0;68;16;7;3441;;
128;20;796;528;0;84;15;21;62979;;
128;22;979;241;6;60;12;7;62224;;
128;24;830;595;0;80;11;14;4415;;
128;25;789;592;7;54;20;17;6280;;
129;1;894;496;0;92;18;8;3952;;
129;2;799;551;0;78;11;23;119;;
129;4;996;532;0;81;7;11;4383;;
129;5;1077;536;0;87;11;10;4383;;
129;8;709;659;0;99;10;10;4383;;
129;16;692;579;0;78;13;10;5905;;
129;20;800;530;0;85;13;23;25351;;
129;22;979;241;7;60;12;7;62224;;
129;24;834;595;0;77;11;7;4383;;
129;25;789;592;8;54;20;17;6280;;
130;1;897;497;0;98;18;9;3889;;
130;2;799;555;0;74;8;11;4383;;
130;4;995;532;0;81;7;11;4383;;
130;5;1078;537;0;83;10;10;4383;;
130;8;709;659;0;86;10;9;4383;;
130;16;697;582;0;73;12;6;1911;;
130;20;803;532;0;74;10;21;25135;;
130;22;981;242;0;61;13;7;63248;;
130;24;830;597;0;69;15;6;4415;;
130;25;789;592;9;54;20;17;6280;;
131;1;897;498;0;92;19;8;3952;;
131;2;799;555;1;74;8;11;4383;;
131;4;996;533;0;79;7;12;10086;;
131;5;1077;537;0;90;11;10;4383;;
131;8;710;659;0;84;11;11;4383;;
131;16;697;581;0;81;11;10;4383;;
131;20;805;535;0;59;14;23;8766;;
131;22;981;242;1;61;13;7;63248;;
131;24;832;597;0;79;13;8;6141;;
132;1;896;498;0;90;16;9;4016;;
132;2;799;555;2;74;8;11;4383;;
132;4;997;532;0;83;8;11;4383;;
132;5;1077;537;0;81;10;10;4383;;
132;8;710;659;0;82;11;10;4383;;
132;16;699;579;0;72;11;14;4927;;
132;20;805;535;1;59;14;23;8766;;
132;22;981;242;2;61;13;7;63248;;
132;24;832;597;1;79;13;8;6141;;
133;1;895;496;0;77;16;11;6129;;
133;2;799;555;3;74;8;11;4383;;
133;4;996;532;0;94;9;11;4383;;
133;5;1077;537;0;93;11;10;4383;;
133;8;710;659;0;79;10;9;4383;;
133;16;700;579;0;62;8;11;4415;;
133;20;805;535;2;59;14;23;8766;;
133;22;981;242;3;61;13;7;63248;;
133;24;833;596;0;78;10;9;4383;;
134;1;892;495;0;80;19;11;4593;;
134;2;799;555;4;74;8;11;4383;;
134;4;995;532;0;87;8;11;4383;;
134;5;1077;535;0;89;9;11;4383;;
134;8;711;659;0;86;11;10;4383;;
134;16;701;579;0;76;12;11;4991;;
134;20;805;535;3;59;14;23;8766;;
134;22;980;242;0;57;13;7;62224;;
134;24;827;593;0;80;14;12;1841;;
135;1;893;498;0;84;21;9;3056;;
135;2;799;555;5;74;8;11;4383;;
135;4;996;533;0;75;7;11;4383;;
135;5;1076;535;0;98;8;15;9023;;
135;8;712;659;0;73;10;8;4383;;
135;16;704;578;0;84;13;11;4415;;
135;20;805;535;4;59;14;23;8766;;
135;22;980;242;1;57;13;7;62224;;
135;24;825;587;0;76;10;10;4383;;
136;1;893;498;0;82;23;8;8176;;
136;2;799;555;6;74;8;11;4383;;
136;4;995;532;0;88;8;11;4383;;
136;5;1077;535;0;77;9;14;12599;;
136;8;713;659;0;90;11;10;4383;;
136;16;706;576;0;76;12;10;32520;;
136;20;805;535;5;59;14;23;8766;;
136;22;980;242;0;53;12;7;62224;;
136;24;826;588;0;82;17;6;1008;;
136;26;694;657;0;101;24;14;6961;;
137;1;892;499;0;76;21;8;7952;;
137;2;799;555;7;74;8;11;4383;;
137;4;996;532;0;94;9;11;4383;;
137;5;1077;536;0;90;9;13;28951;;
137;8;711;658;0;92;10;10;4383;;
137;16;708;575;0;81;9;14;13183;;
137;20;805;535;6;59;14;23;8766;;
137;22;980;242;1;53;12;7;62224;;
137;24;826;587;0;75;13;9;2175;;
137;26;694;657;1;101;24;14;6961;;
137;27;896;206;0;62;18;5;63232;;
138;1;896;497;0;89;17;9;3888;;
138;2;799;555;8;74;8;11;4383;;
138;4;995;533;0;89;8;11;4383;;
138;5;1076;535;0;77;9;13;12599;;
138;8;710;655;0;87;9;14;1919;;
138;16;717;571;0;99;23;18;4379;;
138;20;805;535;7;59;14;23;8766;;
138;22;980;242;2;53;12;7;62224;;
138;24;818;588;0;74;22;10;3633;;
138;26;694;657;2;101;24;14;6961;;
138;27;896;206;1;62;18;5;63232;;
139;1;895;496;0;72;13;9;14129;;
139;2;799;555;9;74;8;11;4383;;
139;4;995;532;0;95;9;11;4383;;
139;5;1076;535;0;98;9;15;5399;;
139;8;711;658;0;95;9;12;1647;;
139;16;719;564;0;71;12;23;13111;;
139;20;805;535;8;59;14;23;8766;;
139;22;980;242;0;54;13;6;62224;;
139;24;814;587;0;93;15;17;32895;;
139;26;694;657;3;101;24;14;6961;;
139;27;896;206;0;63;18;5;63232;;
140;1;897;497;0;77;16;7;4016;;
140;2;801;556;0;54;12;22;26387;;
140;4;997;533;0;83;9;11;4383;;
140;5;1077;536;0;108;9;14;25399;;
140;8;711;660;0;99;10;11;4383;;
140;16;719;564;1;71;12;23;13111;;
140;20;805;535;9;59;14;23;8766;;
140;22;980;242;1;54;13;6;62224;;
140;24;785;590;0;73;19;17;4493;;
140;26;694;657;4;101;24;14;6961;;
140;27;896;206;1;63;18;5;63232;;
141;1;894;498;0;69;18;6;2032;;
141;2;801;556;1;54;12;22;26387;;
141;4;996;533;0;87;8;11;4383;;
141;5;1075;535;0;97;7;13;6007;;
141;8;713;659;0;86;9;11;4383;;
141;16;719;564;2;71;12;23;13111;;
141;22;980;242;2;54;13;6;62224;;
141;24;785;591;0;85;19;16;13192;;
141;26;694;657;5;101;24;14;6961;;
141;27;896;206;2;63;18;5;63232;;
142;1;899;498;0;79;15;8;4081;;
142;2;801;556;2;54;12;22;26387;;
142;4;997;532;0;88;8;12;6007;;
142;5;1073;534;0;91;9;14;1143;;
142;8;713;659;0;98;12;10;5998;;
142;16;719;564;3;71;12;23;13111;;
142;22;980;242;3;54;13;6;62224;;
142;24;785;590;0;87;19;17;28936;;
142;26;694;657;6;101;24;14;6961;;
142;27;896;206;3;63;18;5;63232;;
143;1;893;497;0;77;21;7;3952;;
143;2;801;556;3;54;12;22;26387;;
143;4;996;533;0;88;8;11;4383;;
143;5;1072;535;0;92;11;13;17759;;
143;8;711;659;0;86;9;11;4383;;
143;16;719;564;4;71;12;23;13111;;
143;22;980;242;4;54;13;6;62224;;
143;24;785;590;0;69;14;22;17164;;
143;26;694;657;7;101;24;14;6961;;
143;27;896;206;4;63;18;5;63232;;
144;1;893;496;0;73;23;8;2929;;
144;2;799;547;0;78;9;12;10094;;
144;4;997;533;0;86;8;11;4383;;
144;5;1075;541;0;107;10;13;3895;;
144;8;714;659;0;74;8;11;4383;;
144;16;719;564;5;71;12;23;13111;;
144;22;980;242;0;56;12;6;63248;;
144;24;785;590;0;87;21;22;49932;;
144;26;694;657;8;101;24;14;6961;;
144;27;896;206;5;63;18;5;63232;;
144;28;806;577;0;70;22;13;4531;;
145;1;894;496;0;69;26;8;3056;;
145;2;799;545;0;85;8;16;9078;;
145;4;997;533;0;84;8;11;4383;;
145;5;1071;539;0;87;11;9;4383;;
145;8;713;659;0;70;8;10;4383;;
145;16;719;564;6;71;12;23;13111;;
145;22;980;242;1;56;12;6;63248;;
145;24;785;590;0;75;19;23;33052;;
145;26;694;657;9;101;24;14;6961;;
145;27;896;206;6;63;18;5;63232;;
145;28;805;579;0;62;10;12;4415;;
146;1;908;495;0;76;15;8;2034;;
146;2;800;543;0;75;8;15;4927;;
146;4;997;533;0;92;9;11;4383;;
146;5;1071;537;0;77;11;10;4383;;
146;8;713;659;0;78;8;10;4383;;
146;16;719;564;7;71;12;23;13111;;
146;22;980;242;2;56;12;6;63248;;
146;24;785;591;0;68;19;16;4509;;
146;27;896;206;7;63;18;5;63232;;
146;28;805;579;0;67;13;11;4415;;
147;1;895;495;0;62;16;8;3889;;
147;2;798;549;0;100;9;11;4383;;
147;4;996;533;0;83;8;11;4383;;
147;5;1076;539;0;95;11;9;4383;;
147;8;712;657;0;69;7;13;1919;;
147;16;719;564;8;71;12;23;13111;;
147;22;980;242;3;56;12;6;63248;;
147;24;785;590;0;66;19;17;4511;;
147;27;896;206;8;63;18;5;63232;;
147;28;805;579;1;67;13;11;4415;;
148;1;907;494;0;61;15;10;4403;;
148;2;800;550;0;100;11;12;2030;;
148;4;996;532;0;90;8;11;4383;;
148;5;1077;538;0;107;10;11;4383;;
148;8;711;659;0;73;8;10;4383;;
148;16;719;564;9;71;12;23;13111;;
148;22;979;241;0;59;13;7;63248;;
148;24;785;590;1;66;19;17;4511;;
148;27;896;206;0;64;18;5;63232;;
148;28;805;579;2;67;13;11;4415;;
149;1;907;495;0;61;14;9;8051;;
149;2;801;548;0;95;12;12;40732;;
149;4;996;532;0;80;7;12;14182;;
149;5;1077;537;0;98;10;10;4383;;
149;8;711;659;1;73;8;10;4383;;
149;22;979;241;1;59;13;7;63248;;
149;24;770;555;0;77;22;22;33465;;
149;27;896;206;1;64;18;5;63232;;
149;28;805;579;3;67;13;11;4415;;
150;1;896;495;0;63;15;8;36211;;
150;2;800;548;0;79;11;12;958;;
150;4;996;533;0;90;8;11;4383;;
150;5;1077;538;0;96;10;9;4383;;
150;8;712;658;0;86;9;11;4383;;
150;22;979;241;2;59;13;7;63248;;
150;24;769;553;0;65;19;22;35224;;
150;27;896;206;2;64;18;5;63232;;
150;28;803;582;0;81;24;17;13192;;
150;29;785;591;0;69;19;16;4509;;
151;1;899;494;0;74;15;10;34611;;
151;2;801;546;0;70;8;13;9023;;
151;4;997;532;0;82;8;12;13111;;
151;5;1077;537;0;101;11;10;4383;;
151;8;710;658;0;77;11;9;4383;;
151;22;979;241;3;59;13;7;63248;;
151;24;769;553;1;65;19;22;35224;;
151;27;896;206;0;64;18;5;63232;;
151;28;800;585;0;68;21;13;5032;;
151;29;785;591;1;69;19;16;4509;;
152;1;897;497;0;65;12;12;4983;;
152;2;800;546;0;70;9;14;4415;;
152;4;997;532;0;79;7;11;4383;;
152;5;1076;536;0;96;10;10;4383;;
152;8;710;658;0;81;13;9;5939;;
152;22;979;241;4;59;13;7;63248;;
152;24;769;553;2;65;19;22;35224;;
152;27;896;206;1;64;18;5;63232;;
152;28;800;585;1;68;21;13;5032;;
152;29;785;590;0;91;19;15;4543;;
153;1;898;497;0;70;15;13;34675;;
153;2;800;550;0;92;10;12;4479;;
153;4;996;534;0;87;8;12;14199;;
153;5;1077;537;0;100;10;11;4383;;
153;8;710;658;1;81;13;9;5939;;
153;22;979;241;5;59;13;7;63248;;
153;24;769;553;3;65;19;22;35224;;
153;27;896;206;2;64;18;5;63232;;
153;28;810;581;0;80;17;7;2008;;
153;29;785;590;0;65;19;16;4508;;
154;1;898;494;0;86;14;16;34679;;
154;2;799;549;0;88;11;11;4383;;
154;4;997;533;0;96;9;11;4383;;
154;5;1077;536;0;93;10;10;4383;;
154;8;711;658;0;88;11;10;4383;;
154;22;979;241;6;59;13;7;63248;;
154;24;769;553;4;65;19;22;35224;;
154;27;896;206;3;64;18;5;63232;;
154;28;801;580;0;84;23;18;4536;;
154;29;785;590;0;89;19;19;4380;;
155;1;899;496;0;88;12;16;35191;;
155;2;800;550;0;54;10;11;4383;;
155;4;996;533;0;96;9;11;4383;;
155;5;1075;534;0;89;10;10;4383;;
155;8;711;656;0;76;13;8;3958;;
155;22;979;241;7;59;13;7;63248;;
155;24;769;553;5;65;19;22;35224;;
155;27;897;206;0;67;19;5;65296;;
155;28;797;579;0;80;19;21;8984;;
155;29;785;590;0;89;19;21;9112;;
156;1;901;495;0;88;16;14;34679;;
156;2;799;550;0;67;10;12;4919;;
156;4;996;533;0;86;8;11;4383;;
156;5;1077;535;0;96;10;10;4383;;
156;8;711;656;1;76;13;8;3958;;
156;22;979;241;8;59;13;7;63248;;
156;24;769;553;6;65;19;22;35224;;
156;27;897;206;1;67;19;5;65296;;
156;28;794;577;0;72;15;22;13084;;
156;29;785;590;1;89;19;21;9112;;
157;1;897;496;0;76;10;17;2294;;
157;2;802;547;0;77;7;13;10094;;
157;4;996;533;0;72;7;11;4383;;
157;5;1077;535;0;93;10;11;4383;;
157;8;711;664;0;55;8;17;32326;;
157;22;979;241;9;59;13;7;63248;;
157;24;769;553;7;65;19;22;35224;;
157;27;897;206;2;67;19;5;65296;;
157;28;791;574;0;83;11;24;8756;;
157;29;785;590;0;81;12;22;8980;;
158;1;897;496;0;80;9;17;17527;;
158;2;803;546;0;74;15;23;13172;;
158;4;996;532;0;78;8;11;4383;;
158;5;1077;535;0;95;10;12;1655;;
158;8;712;657;0;85;14;7;6012;;
158;24;769;553;8;65;19;22;35224;;
158;27;897;206;3;67;19;5;65296;;
158;28;793;570;0;65;18;35;13926;;
158;29;785;590;0;64;13;22;13068;;
159;1;901;489;0;93;10;17;17535;;
159;2;803;545;0;67;19;22;4988;;
159;4;996;533;0;86;8;11;4383;;
159;5;1077;535;0;88;9;13;8823;;
159;8;709;659;0;87;9;11;4383;;
159;24;769;553;9;65;19;22;35224;;
159;27;897;206;4;67;19;5;65296;;
159;28;791;562;0;62;19;22;14284;;
159;29;785;590;1;64;13;22;13068;;
160;1;902;491;0;76;11;16;17535;;
160;2;803;545;1;67;19;22;4988;;
160;4;997;533;0;81;8;11;4383;;
160;5;1077;535;0;95;10;11;4383;;
160;8;710;658;0;90;9;12;9838;;
160;27;897;206;5;67;19;5;65296;;
160;28;794;558;0;62;18;21;16360;;
160;29;785;590;2;64;13;22;13068;;
161;1;902;491;1;76;11;16;17535;;
161;2;803;545;2;67;19;22;4988;;
161;4;995;533;0;93;9;11;13175;;
161;5;1077;536;0;84;10;10;4383;;
161;8;710;658;0;78;7;13;4991;;
161;27;897;206;6;67;19;5;65296;;
161;28;794;558;1;62;18;21;16360;;
161;29;785;590;3;64;13;22;13068;;
162;1;903;490;0;83;7;18;9830;;
162;2;803;545;3;67;19;22;4988;;
162;4;997;532;0;79;8;11;4383;;
162;5;1077;537;0;99;10;12;26423;;
162;8;713;656;0;74;11;11;4383;;
162;27;897;206;7;67;19;5;65296;;
162;28;794;558;2;62;18;21;16360;;
162;29;785;590;4;64;13;22;13068;;
163;1;903;490;1;83;7;18;9830;;
163;2;803;545;4;67;19;22;4988;;
163;4;997;532;0;94;9;11;13175;;
163;5;1077;536;0;103;11;11;4383;;
163;8;713;654;0;71;11;16;9966;;
163;27;897;206;8;67;19;5;65296;;
163;28;794;558;3;62;18;21;16360;;
163;29;785;590;5;64;13;22;13068;;
164;1;907;483;0;67;14;20;12910;;
164;2;803;545;5;67;19;22;4988;;
164;4;996;532;0;72;7;11;4383;;
164;5;1076;536;0;90;10;10;4383;;
164;8;714;655;0;73;11;13;4991;;
164;27;896;206;0;60;18;5;63232;;
164;28;794;558;4;62;18;21;16360;;
164;29;785;590;6;64;13;22;13068;;
165;1;908;484;0;83;15;22;4718;;
165;2;795;547;0;60;17;10;2423;;
165;4;996;533;0;94;9;11;4383;;
165;5;1076;534;0;89;10;10;4383;;
165;8;711;657;0;67;11;12;5324;;
165;27;896;206;1;60;18;5;63232;;
165;28;794;558;5;62;18;21;16360;;
165;29;785;590;7;64;13;22;13068;;
165;30;898;498;0;73;15;22;5742;;
166;1;908;484;0;86;15;20;13422;;
166;2;797;549;0;86;12;9;6000;;
166;4;996;533;0;79;8;11;4383;;
166;5;1077;536;0;84;10;10;4383;;
166;8;711;657;1;67;11;12;5324;;
166;27;896;206;2;60;18;5;63232;;
166;28;794;558;6;62;18;21;16360;;
166;29;785;590;8;64;13;22;13068;;
166;30;899;498;0;69;15;20;13420;;
166;31;981;242;0;61;13;8;62224;;
167;1;908;484;1;86;15;20;13422;;
167;2;799;550;0;95;11;10;4383;;
167;4;995;533;0;89;8;12;4991;;
167;5;1076;535;0;83;11;10;4383;;
167;8;712;656;0;81;12;11;6014;;
167;27;896;206;3;60;18;5;63232;;
167;28;794;558;7;62;18;21;16360;;
167;29;785;590;9;64;13;22;13068;;
167;30;899;499;0;66;12;18;13926;;
167;31;981;242;1;61;13;8;62224;;
168;1;906;483;0;84;10;21;9062;;
168;2;798;548;0;67;14;6;3583;;
168;4;997;532;0;78;8;11;4383;;
168;5;1076;534;0;85;10;12;1815;;
168;8;713;656;0;95;12;12;6012;;
168;27;896;206;4;60;18;5;63232;;
168;28;794;558;8;62;18;21;16360;;
168;30;898;499;0;74;10;21;8806;;
168;31;981;242;0;61;13;8;62224;;
169;1;903;486;0;83;14;23;4710;;
169;2;798;547;0;64;14;7;511;;
169;4;997;532;0;87;9;12;9838;;
169;5;1076;535;0;84;10;9;4383;;
169;8;714;657;0;101;12;12;14108;;
169;27;896;206;5;60;18;5;63232;;
169;28;794;558;9;62;18;21;16360;;
169;30;898;499;1;74;10;21;8806;;
169;31;981;242;1;61;13;8;62224;;
170;1;908;482;0;92;15;21;4974;;
170;2;798;547;1;64;14;7;511;;
170;4;997;532;0;87;9;11;4383;;
170;5;1077;537;0;104;10;11;4383;;
170;8;714;655;0;91;11;12;12044;;
170;27;896;206;6;60;18;5;63232;;
170;30;901;497;0;95;15;23;4974;;
170;31;980;242;0;55;12;6;63248;;
171;1;908;482;1;92;15;21;4974;;
171;2;798;547;2;64;14;7;511;;
171;4;996;533;0;80;8;11;4383;;
171;5;1077;537;0;95;11;11;4383;;
171;8;713;655;0;73;12;8;895;;
171;27;896;206;7;60;18;5;63232;;
171;30;900;496;0;73;14;20;5742;;
171;31;980;242;1;55;12;6;63248;;
172;1;908;482;2;92;15;21;4974;;
172;2;798;547;3;64;14;7;511;;
172;4;996;532;0;92;9;11;4383;;
172;5;1077;537;0;97;11;11;4383;;
172;8;715;659;0;66;8;16;26214;;
172;27;896;206;8;60;18;5;63232;;
172;30;902;495;0;94;11;15;26214;;
172;31;980;242;2;55;12;6;63248;;
173;1;908;482;3;92;15;21;4974;;
173;2;798;547;4;64;14;7;511;;
173;4;996;532;0;74;8;11;4383;;
173;5;1077;537;0;101;10;11;4383;;
173;8;712;659;0;93;9;10;4383;;
173;27;896;206;9;60;18;5;63232;;
173;30;902;495;0;84;12;14;26206;;
173;31;980;242;3;55;12;6;63248;;
173;32;785;590;0;55;18;19;4367;;
174;1;908;482;4;92;15;21;4974;;
174;2;798;547;5;64;14;7;511;;
174;4;996;533;0;83;8;11;4383;;
174;5;1077;537;0;108;10;11;4383;;
174;8;711;659;0;59;10;13;4383;;
174;30;902;495;0;67;13;13;9055;;
174;31;980;242;4;55;12;6;63248;;
174;32;785;590;1;55;18;19;4367;;
175;1;908;482;5;92;15;21;4974;;
175;2;798;547;6;64;14;7;511;;
175;4;996;533;0;82;8;12;13183;;
175;5;1077;537;0;105;10;11;4383;;
175;8;711;659;0;58;13;11;4415;;
175;30;902;494;0;74;12;13;8479;;
175;31;980;242;5;55;12;6;63248;;
175;32;785;590;2;55;18;19;4367;;
176;1;908;482;6;92;15;21;4974;;
176;2;798;547;7;64;14;7;511;;
176;4;995;533;0;85;8;11;4383;;
176;5;1077;537;0;101;10;10;4383;;
176;8;711;661;0;56;13;11;4383;;
176;30;903;498;0;92;13;9;895;;
176;31;980;242;6;55;12;6;63248;;
176;32;785;590;3;55;18;19;4367;;
177;1;908;482;7;92;15;21;4974;;
177;2;798;547;8;64;14;7;511;;
177;4;997;532;0;88;8;11;4383;;
177;5;1077;537;0;100;10;11;4383;;
177;8;711;661;1;56;13;11;4383;;
177;30;902;499;0;89;13;13;766;;
177;31;980;242;7;55;12;6;63248;;
177;32;785;590;4;55;18;19;4367;;
178;1;908;482;8;92;15;21;4974;;
178;2;798;547;9;64;14;7;511;;
178;4;996;532;0;87;8;11;4383;;
178;5;1077;536;0;104;9;12;639;;
178;8;708;660;0;59;23;10;499;;
178;30;900;499;0;75;12;9;12260;;
178;31;980;242;8;55;12;6;63248;;
178;32;785;590;0;53;19;17;4493;;
179;1;908;482;9;92;15;21;4974;;
179;4;997;532;0;87;9;11;4383;;
179;5;1077;536;1;104;9;12;639;;
179;8;708;660;1;59;23;10;499;;
179;30;899;500;0;68;8;16;14198;;
179;31;979;241;0;62;13;7;63248;;
179;32;785;590;1;53;19;17;4493;;
180;4;997;532;0;85;9;11;4383;;
180;5;1076;537;0;107;10;12;383;;
180;8;715;655;0;76;21;11;1010;;
180;30;898;497;0;66;10;12;58998;;
180;31;979;241;1;62;13;7;63248;;
180;32;785;590;2;53;19;17;4493;;
180;33;800;548;0;55;16;8;4086;;
181;4;997;532;0;83;8;11;4383;;
181;5;1077;537;0;107;10;11;4383;;
181;8;716;655;0;79;20;9;1008;;
181;30;900;498;0;70;11;12;3276;;
181;31;979;241;2;62;13;7;63248;;
181;32;785;590;3;53;19;17;4493;;
181;33;800;548;1;55;16;8;4086;;
182;4;996;533;0;95;9;12;9838;;
182;5;1077;537;0;96;11;9;4383;;
182;8;695;653;0;58;19;12;3487;;
182;30;900;497;0;79;12;13;25798;;
182;31;979;241;3;62;13;7;63248;;
182;32;785;590;4;53;19;17;4493;;
182;33;800;548;0;58;10;8;4383;;
183;4;996;533;0;85;9;12;14206;;
183;5;1077;538;0;96;11;9;4383;;
183;8;691;653;0;70;15;18;17631;;
183;30;902;496;0;94;12;12;26584;;
183;31;979;241;4;62;13;7;63248;;
183;32;785;590;5;53;19;17;4493;;
183;33;800;548;1;58;10;8;4383;;
184;4;997;533;0;80;8;12;4927;;
184;5;1076;536;0;96;10;11;4383;;
184;8;691;653;1;70;15;18;17631;;
184;30;902;497;0;110;11;12;28668;;
184;31;979;241;5;62;13;7;63248;;
184;32;785;590;6;53;19;17;4493;;
184;33;800;547;0;56;10;8;4383;;
185;4;996;532;0;97;10;13;4991;;
185;5;1076;537;0;96;9;12;1639;;
185;8;691;653;2;70;15;18;17631;;
185;30;900;499;0;103;11;12;26348;;
185;31;979;241;6;62;13;7;63248;;
185;32;785;590;7;53;19;17;4493;;
185;33;800;547;1;56;10;8;4383;;
186;4;996;533;0;94;10;12;13183;;
186;5;1076;536;0;90;9;11;4383;;
186;8;691;653;3;70;15;18;17631;;
186;30;898;498;0;89;10;11;4383;;
186;31;979;241;7;62;13;7;63248;;
186;32;785;590;8;53;19;17;4493;;
186;33;799;547;0;83;8;12;1655;;
186;34;1129;462;0;56;11;8;895;;
187;4;995;532;0;85;9;11;4383;;
187;5;1076;537;0;89;10;11;4383;;
187;8;691;653;4;70;15;18;17631;;
187;30;898;497;0;99;12;11;1764;;
187;31;979;241;8;62;13;7;63248;;
187;32;785;590;9;53;19;17;4493;;
187;33;801;548;0;87;11;10;4383;;
187;34;1129;462;1;56;11;8;895;;
188;4;995;534;0;95;10;12;4927;;
188;5;1077;537;0;94;9;11;4383;;
188;8;691;653;5;70;15;18;17631;;
188;30;899;497;0;95;12;10;3308;;
188;31;979;241;9;62;13;7;63248;;
188;33;801;547;0;94;11;11;4383;;
188;34;1129;462;2;56;11;8;895;;
189;4;995;533;0;82;9;12;13182;;
189;5;1076;538;0;96;11;10;4383;;
189;8;696;658;0;76;23;9;503;;
189;30;899;498;0;83;11;13;12004;;
189;33;799;548;0;103;12;10;7671;;
189;34;1129;462;3;56;11;8;895;;
189;35;785;590;0;71;19;20;4492;;
190;4;996;533;0;88;8;12;13183;;
190;5;1076;538;0;90;9;10;4383;;
190;8;696;657;0;76;26;8;497;;
190;30;898;499;0;79;11;16;28616;;
190;33;801;549;0;111;12;12;8182;;
190;34;1129;462;4;56;11;8;895;;
190;35;785;590;1;71;19;20;4492;;
190;36;715;658;0;66;20;8;1008;;
191;4;996;533;0;92;8;12;13174;;
191;5;1077;537;0;90;9;11;4415;;
191;8;692;657;0;86;27;8;497;;
191;30;898;499;0;79;8;19;14180;;
191;33;800;550;0;86;13;15;6006;;
191;34;1129;462;5;56;11;8;895;;
191;35;785;590;2;71;19;20;4492;;
191;36;715;659;0;71;21;9;1009;;
192;4;997;533;0;81;7;12;14190;;
192;5;1077;537;0;98;10;11;4383;;
192;8;688;657;0;73;17;5;1008;;
192;30;899;498;0;78;11;15;13174;;
192;33;800;556;0;63;13;17;13924;;
192;34;1129;462;6;56;11;8;895;;
192;35;785;590;3;71;19;20;4492;;
192;36;715;656;0;77;9;10;4383;;
192;37;981;242;0;60;13;8;62224;;
193;4;996;533;0;87;9;12;13174;;
193;5;1077;537;0;94;9;10;4383;;
193;8;685;656;0;80;20;6;3184;;
193;30;899;498;0;83;11;9;12575;;
193;33;800;551;0;66;12;17;14198;;
193;34;1129;462;7;56;11;8;895;;
193;35;785;590;4;71;19;20;4492;;
193;36;714;655;0;85;11;9;4383;;
193;37;980;242;0;55;14;7;62224;;
193;38;896;206;0;63;19;5;65296;;
194;4;997;532;0;78;7;12;9070;;
194;5;1076;537;0;85;10;9;4415;;
194;8;683;656;0;78;20;6;3824;;
194;30;898;498;0;72;11;10;8823;;
194;33;799;548;0;62;7;14;8814;;
194;34;1129;462;8;56;11;8;895;;
194;35;785;590;5;71;19;20;4492;;
194;36;714;654;0;84;11;9;4383;;
194;37;980;242;1;55;14;7;62224;;
194;38;896;206;1;63;19;5;65296;;
195;4;996;533;0;70;7;12;13183;;
195;5;1076;537;0;92;10;10;4383;;
195;8;688;657;0;72;19;5;2419;;
195;30;899;499;0;69;11;10;102;;
195;33;799;546;0;68;15;13;4479;;
195;34;1129;462;9;56;11;8;895;;
195;35;785;590;6;71;19;20;4492;;
195;36;714;653;0;88;10;11;287;;
195;37;980;242;2;55;14;7;62224;;
195;38;896;206;2;63;19;5;65296;;
196;4;996;533;0;86;9;11;4383;;
196;5;1077;537;0;96;10;11;4383;;
196;8;688;656;0;67;15;4;503;;
196;30;899;498;0;91;12;11;20172;;
196;33;798;553;0;58;6;12;8814;;
196;35;785;590;7;71;19;20;4492;;
196;36;714;656;0;78;10;8;4383;;
196;37;980;242;3;55;14;7;62224;;
196;38;896;206;3;63;19;5;65296;;
197;4;995;533;0;87;8;12;13182;;
197;5;1075;538;0;90;8;11;4383;;
197;8;694;657;0;81;27;8;497;;
197;30;899;498;0;74;11;11;254;;
197;33;797;552;0;68;17;11;4991;;
197;35;785;590;8;71;19;20;4492;;
197;36;714;656;1;78;10;8;4383;;
197;37;980;242;4;55;14;7;62224;;
197;38;896;206;4;63;19;5;65296;;
198;4;995;533;0;97;9;13;13183;;
198;5;1075;539;0;90;9;10;4383;;
198;8;691;656;0;85;27;9;497;;
198;30;899;499;0;88;11;14;30676;;
198;33;797;552;1;68;17;11;4991;;
198;35;785;590;9;71;19;20;4492;;
198;36;714;656;2;78;10;8;4383;;
198;37;980;242;0;55;13;6;62224;;
198;38;896;206;5;63;19;5;65296;;
199;4;996;533;0;94;9;11;4383;;
199;5;1077;538;0;97;10;10;4383;;
199;8;689;655;0;71;27;8;1520;;
199;30;898;499;0;93;12;11;1764;;
199;33;792;552;0;56;20;11;5118;;
199;36;714;658;0;75;11;7;4383;;
199;37;980;242;1;55;13;6;62224;;
199;38;896;206;6;63;19;5;65296;;
200;4;995;534;0;100;10;12;4991;;
200;5;1076;538;0;89;9;11;4383;;
200;8;686;657;0;84;18;8;2044;;
200;30;898;498;0;74;11;12;3276;;
200;33;792;552;1;56;20;11;5118;;
200;36;713;654;0;89;12;8;1907;;
200;37;980;242;2;55;13;6;62224;;
200;38;896;206;7;63;19;5;65296;;
201;4;995;535;0;99;11;13;4991;;
201;5;1077;538;0;90;10;9;4383;;
201;8;683;657;0;95;23;8;1008;;
201;30;898;498;0;62;8;10;1254;;
201;33;792;552;2;56;20;11;5118;;
201;36;713;654;0;92;12;8;2039;;
201;37;980;242;3;55;13;6;62224;;
201;38;896;206;8;63;19;5;65296;;
202;4;995;533;0;82;8;12;4991;;
202;5;1077;537;0;93;11;10;4383;;
202;8;684;657;0;89;20;7;2032;;
202;30;899;498;0;87;13;10;4064;;
202;33;787;546;0;68;20;9;6640;;
202;36;713;656;0;89;11;8;4383;;
202;37;980;242;4;55;13;6;62224;;
202;38;896;206;9;63;19;5;65296;;
203;4;995;533;0;87;8;12;4991;;
203;5;1077;537;0;93;10;11;4383;;
203;8;694;656;0;90;24;9;496;;
203;30;899;498;0;97;12;10;2028;;
203;33;779;546;0;87;25;8;2001;;
203;36;713;656;1;89;11;8;4383;;
203;37;980;242;5;55;13;6;62224;;
203;39;795;553;0;60;21;7;3473;;
204;4;996;533;0;82;8;12;4991;;
204;5;1077;537;0;95;10;10;4383;;
204;8;696;658;0;74;21;8;499;;
204;30;900;497;0;95;11;13;14174;;
204;33;775;546;0;94;27;7;1776;;
204;36;713;656;2;89;11;8;4383;;
204;37;981;242;0;59;13;7;63248;;
204;39;797;555;0;62;19;10;6545;;
205;4;996;534;0;98;9;12;9838;;
205;5;1076;537;0;84;9;11;4383;;
205;8;696;658;1;74;21;8;499;;
205;30;900;498;0;90;11;10;12575;;
205;33;769;546;0;78;25;20;29064;;
205;36;713;656;3;89;11;8;4383;;
205;37;980;242;0;55;13;6;62224;;
205;39;796;547;0;53;11;15;29459;;
206;4;996;533;0;91;9;11;4383;;
206;5;1076;537;0;85;10;10;4383;;
206;8;696;658;2;74;21;8;499;;
206;30;900;498;0;87;13;8;4068;;
206;33;765;547;0;85;21;21;6792;;
206;36;713;656;4;89;11;8;4383;;
206;37;980;242;1;55;13;6;62224;;
206;39;796;547;1;53;11;15;29459;;
207;4;995;533;0;82;8;11;4383;;
207;5;1077;537;0;84;8;10;4383;;
207;8;696;658;3;74;21;8;499;;
207;30;899;498;0;101;12;11;9452;;
207;33;765;547;1;85;21;21;6792;;
207;36;713;656;5;89;11;8;4383;;
207;37;980;242;2;55;13;6;62224;;
207;39;798;555;0;55;6;16;30563;;
207;40;872;718;0;98;9;21;9826;;
208;4;995;533;0;89;9;11;4383;;
208;5;1075;538;0;88;8;11;4383;;
208;8;696;658;4;74;21;8;499;;
208;30;899;498;0;101;13;10;4068;;
208;33;765;547;2;85;21;21;6792;;
208;36;713;656;6;89;11;8;4383;;
208;37;980;242;3;55;13;6;62224;;
208;39;798;555;1;55;6;16;30563;;
208;40;872;718;1;98;9;21;9826;;
209;4;995;533;0;83;7;12;9062;;
209;5;1077;539;0;95;9;10;4383;;
209;8;696;658;5;74;21;8;499;;
209;30;900;498;0;101;12;11;3542;;
209;33;765;547;3;85;21;21;6792;;
209;36;708;658;0;85;11;11;4383;;
209;37;980;242;4;55;13;6;62224;;
209;39;797;549;0;63;6;13;14199;;
209;40;877;727;0;88;11;17;17523;;
210;4;995;533;0;83;8;12;13175;;
210;5;1076;536;0;90;10;11;4383;;
210;8;696;658;6;74;21;8;499;;
210;30;900;498;0;106;12;11;4068;;
210;33;765;547;4;85;21;21;6792;;
210;36;708;658;1;85;11;11;4383;;
210;37;980;242;5;55;13;6;62224;;
210;39;798;548;0;66;9;14;5495;;
210;40;878;727;0;90;12;19;17955;;
211;4;997;533;0;88;8;11;4383;;
211;5;1076;537;0;99;9;11;4383;;
211;8;696;658;7;74;21;8;499;;
211;30;898;498;0;80;11;10;1638;;
211;33;765;547;5;85;21;21;6792;;
211;36;711;656;0;84;14;8;383;;
211;37;980;242;6;55;13;6;62224;;
211;39;798;548;1;66;9;14;5495;;
211;40;877;727;0;88;8;18;26147;;
212;4;995;533;0;86;7;12;9838;;
212;5;1076;537;0;98;9;10;4383;;
212;8;696;658;8;74;21;8;499;;
212;30;899;497;0;93;11;11;1766;;
212;33;765;547;6;85;21;21;6792;;
212;36;711;657;0;95;15;8;503;;
212;37;980;242;7;55;13;6;62224;;
212;39;798;548;2;66;9;14;5495;;
212;40;875;727;0;103;10;20;26146;;
213;4;997;533;0;92;8;12;14207;;
213;5;1076;538;0;88;9;10;4383;;
213;8;696;658;9;74;21;8;499;;
213;30;899;495;0;97;10;11;9966;;
213;33;765;547;7;85;21;21;6792;;
213;36;712;657;0;100;15;8;1399;;
213;37;980;242;8;55;13;6;62224;;
213;39;798;548;3;66;9;14;5495;;
213;40;877;727;0;87;7;20;17510;;
214;4;995;533;0;83;7;12;9070;;
214;5;1076;537;0;75;9;10;4447;;
214;30;900;496;0;90;9;11;1918;;
214;33;765;547;8;85;21;21;6792;;
214;36;712;657;0;85;13;7;1911;;
214;37;980;242;9;55;13;6;62224;;
214;39;798;548;4;66;9;14;5495;;
214;40;875;727;0;93;9;19;26147;;
215;4;995;533;0;83;7;12;9838;;
215;5;1076;538;0;82;9;10;287;;
215;30;900;496;0;103;11;13;14308;;
215;33;765;547;9;85;21;21;6792;;
215;36;712;658;0;86;16;9;3952;;
215;39;798;548;5;66;9;14;5495;;
215;40;876;728;0;98;7;18;26146;;
216;4;995;533;0;83;7;12;13166;;
216;5;1076;538;1;82;9;10;287;;
216;30;900;495;0;105;12;13;14308;;
216;36;714;659;0;76;13;9;3825;;
216;39;798;548;6;66;9;14;5495;;
216;40;874;727;0;105;7;20;18022;;
217;4;996;534;0;84;7;12;13166;;
217;5;1075;537;0;77;8;10;4415;;
217;30;900;497;0;109;10;12;30550;;
217;36;716;659;0;75;17;10;3809;;
217;39;798;548;7;66;9;14;5495;;
217;40;874;729;0;107;7;21;8806;;
217;41;980;242;0;53;12;7;62224;;
218;4;995;534;0;94;8;12;13183;;
218;5;1076;538;0;90;9;10;4383;;
218;30;899;493;0;105;11;14;14326;;
218;36;714;658;0;75;12;9;4081;;
218;39;798;548;8;66;9;14;5495;;
218;40;874;730;0;106;7;21;8806;;
218;41;980;242;1;53;12;7;62224;;
219;4;996;533;0;82;7;12;9071;;
219;5;1076;537;0;82;7;11;4415;;
219;30;901;498;0;99;11;14;30476;;
219;36;713;658;0;84;11;9;4383;;
219;39;798;548;9;66;9;14;5495;;
219;40;876;729;0;105;8;23;8807;;
219;41;979;241;0;60;13;7;62224;;
220;4;995;533;0;98;9;12;9838;;
220;5;1076;537;1;82;7;11;4415;;
220;30;900;497;0;94;12;12;14318;;
220;36;713;658;0;75;10;9;4383;;
220;40;875;723;0;93;7;22;9827;;
220;41;979;241;1;60;13;7;62224;;
221;4;995;533;0;100;9;12;8814;;
221;5;1077;537;0;85;8;10;4927;;
221;30;900;497;0;100;12;12;14310;;
221;36;713;658;0;76;11;9;4383;;
221;40;878;731;0;99;7;24;18022;;
221;41;979;241;2;60;13;7;62224;;
221;42;807;547;0;54;15;13;4414;;
222;4;995;533;0;86;7;12;13166;;
222;5;1077;537;1;85;8;10;4927;;
222;30;900;497;0;97;12;12;16076;;
222;36;713;658;1;76;11;9;4383;;
222;40;878;730;0;87;7;17;18022;;
222;41;979;241;3;60;13;7;62224;;
222;42;802;551;0;59;15;10;4575;;
223;4;995;533;0;92;8;12;4991;;
223;5;1076;537;0;102;9;11;4383;;
223;30;899;498;0;94;11;12;16076;;
223;36;713;658;2;76;11;9;4383;;
223;40;876;723;0;89;7;16;26214;;
223;41;979;241;4;60;13;7;62224;;
223;42;805;546;0;58;16;18;4414;;
224;4;995;533;0;87;8;12;4927;;
224;5;1076;537;0;92;9;10;4415;;
224;30;900;499;0;91;10;14;14198;;
224;36;713;658;3;76;11;9;4383;;
224;40;878;732;0;102;8;18;18035;;
224;41;979;241;5;60;13;7;62224;;
224;42;804;547;0;57;11;10;4383;;
225;4;995;535;0;105;10;13;4991;;
225;5;1077;537;0;92;10;10;4383;;
225;30;902;501;0;112;10;19;14178;;
225;36;694;657;0;79;25;8;2544;;
225;40;878;732;0;94;10;18;17511;;
225;41;979;241;6;60;13;7;62224;;
225;42;802;549;0;55;13;10;4607;;
226;4;995;534;0;91;10;12;4983;;
226;5;1077;537;0;100;9;10;4383;;
226;30;902;497;0;85;8;17;30564;;
226;36;689;657;0;80;27;7;1521;;
226;40;878;735;0;105;11;25;17506;;
226;41;979;241;7;60;13;7;62224;;
226;42;802;549;1;55;13;10;4607;;
227;4;995;533;0;89;9;13;4927;;
227;5;1076;538;0;85;9;10;4383;;
227;30;902;496;0;98;10;19;30564;;
227;36;687;656;0;80;15;7;511;;
227;40;881;735;0;97;12;24;17478;;
227;41;979;241;8;60;13;7;62224;;
227;42;800;548;0;87;9;10;4447;;
227;43;711;660;0;79;22;11;945;;
228;4;995;534;0;90;9;12;4991;;
228;5;1077;538;0;97;10;10;4383;;
228;30;900;496;0;90;11;9;1022;;
228;36;686;657;0;71;15;8;383;;
228;40;883;742;0;110;10;24;17506;;
228;41;979;241;9;60;13;7;62224;;
228;42;798;549;0;76;10;10;4479;;
228;43;712;656;0;91;12;11;20336;;
229;4;996;534;0;91;8;12;4983;;
229;5;1077;537;0;95;10;10;4383;;
229;30;901;496;0;95;10;11;9974;;
229;36;687;657;0;83;16;6;3824;;
229;40;879;735;0;98;11;24;17506;;
229;42;800;549;0;90;12;10;6132;;
229;43;712;657;0;85;24;10;944;;
230;4;995;533;0;88;7;12;623;;
230;5;1077;537;0;101;9;11;4383;;
230;30;901;496;0;102;12;11;26356;;
230;36;688;657;0;82;26;6;3568;;
230;40;882;738;0;103;11;17;17479;;
230;42;801;549;0;75;12;13;4607;;
230;43;711;660;0;78;22;10;945;;
231;4;995;534;0;99;9;12;1902;;
231;5;1077;537;0;100;10;12;1655;;
231;30;902;495;0;103;13;10;9982;;
231;36;684;657;0;79;21;4;4080;;
231;40;881;737;0;95;10;19;17511;;
231;42;799;549;0;81;13;7;3061;;
231;43;712;658;0;86;10;10;4383;;
231;44;746;587;0;81;20;17;61713;;
231;45;882;707;0;86;14;16;63009;;
232;4;995;534;0;99;9;12;1774;;
232;5;1076;537;0;88;10;9;4383;;
232;30;908;495;0;100;12;12;12008;;
232;36;684;656;0;93;23;5;241;;
232;40;880;741;0;93;6;18;25123;;
232;42;800;549;0;78;14;6;3569;;
232;43;712;656;0;91;12;9;4080;;
232;44;746;587;1;81;20;17;61713;;
232;45;882;705;0;95;14;15;65344;;
233;4;995;534;0;91;8;12;4983;;
233;5;1077;537;0;96;11;10;4383;;
233;30;901;496;0;107;10;12;10098;;
233;36;683;657;0;79;20;5;4080;;
233;40;881;743;0;95;8;19;18023;;
233;42;800;549;0;88;13;9;3447;;
233;43;713;658;0;108;13;10;3952;;
233;44;746;587;2;81;20;17;61713;;
233;45;882;704;0;100;15;9;55632;;
234;4;996;534;0;90;8;12;6007;;
234;5;1076;536;0;92;9;10;4383;;
234;30;902;496;0;97;12;10;4064;;
234;36;687;656;0;89;27;6;3312;;
234;40;880;745;0;96;9;17;16934;;
234;42;798;548;0;83;15;8;3443;;
234;43;711;658;0;88;9;10;4383;;
234;44;787;590;0;66;20;17;6280;;
234;45;882;707;0;95;14;16;63233;;
235;4;996;534;0;88;8;11;4383;;
235;5;1077;537;0;96;10;9;4383;;
235;30;899;495;0;96;15;9;1776;;
235;36;693;657;0;92;26;11;2544;;
235;40;881;744;0;101;8;15;8743;;
235;42;797;548;0;91;14;8;2551;;
235;43;711;660;0;81;21;10;1008;;
235;44;787;590;1;66;20;17;6280;;
235;45;883;706;0;107;17;19;63009;;
236;4;995;533;0;90;8;12;6006;;
236;5;1077;537;0;95;10;10;4383;;
236;30;901;496;0;88;18;9;4064;;
236;36;689;657;0;88;27;8;3568;;
236;40;880;744;0;90;8;17;9830;;
236;42;795;547;0;93;16;10;3955;;
236;43;711;657;0;86;12;10;4064;;
236;44;787;590;2;66;20;17;6280;;
236;45;883;708;0;87;15;17;62993;;
236;46;980;242;0;54;12;6;63248;;
237;4;995;534;0;88;8;12;4983;;
237;5;1076;537;0;104;10;11;4383;;
237;30;904;496;0;84;17;13;5630;;
237;36;682;656;0;84;18;8;1021;;
237;40;880;749;0;96;10;20;25670;;
237;42;799;549;0;87;15;7;511;;
237;43;713;657;0;92;12;9;8160;;
237;44;787;590;3;66;20;17;6280;;
237;45;884;703;0;77;15;11;63750;;
237;46;981;242;0;60;13;6;63248;;
238;4;995;533;0;83;7;12;1902;;
238;5;1077;537;0;96;10;10;4383;;
238;30;903;492;0;85;15;17;4607;;
238;36;679;656;0;84;17;8;3440;;
238;40;882;753;0;96;10;23;13926;;
238;42;799;549;0;96;14;8;1527;;
238;43;713;657;0;104;13;11;6006;;
238;44;787;590;4;66;20;17;6280;;
238;45;884;703;0;72;17;19;65120;;
238;46;981;242;0;60;13;8;62224;;
238;47;1129;462;0;60;10;8;12575;;
239;4;995;534;0;95;9;12;1646;;
239;5;1077;536;0;103;10;11;4383;;
239;30;900;496;0;91;15;16;4606;;
239;36;677;656;0;77;18;6;3441;;
239;40;882;750;0;97;12;21;29764;;
239;42;797;550;0;94;11;10;4383;;
239;43;712;657;0;88;12;10;4064;;
239;44;787;590;5;66;20;17;6280;;
239;45;885;701;0;81;19;17;61152;;
239;46;981;242;1;60;13;8;62224;;
239;47;1129;462;1;60;10;8;12575;;
240;4;995;534;0;89;9;12;1646;;
240;5;1077;536;0;100;12;11;8054;;
240;30;901;495;0;77;10;9;8180;;
240;36;675;654;0;88;16;9;3312;;
240;40;889;741;0;99;15;20;30860;;
240;42;800;549;0;92;11;10;4383;;
240;43;710;658;0;87;10;10;4383;;
240;44;787;590;6;66;20;17;6280;;
240;45;885;701;1;81;19;17;61152;;
240;46;981;242;2;60;13;8;62224;;
240;47;1129;462;2;60;10;8;12575;;
240;48;883;762;0;81;6;18;25123;;
241;4;996;533;0;90;8;11;4383;;
241;5;1072;537;0;88;11;11;4383;;
241;30;903;494;0;97;15;13;5118;;
241;36;678;653;0;84;13;13;1119;;
241;40;890;742;0;101;18;21;31884;;
241;42;800;547;0;92;10;10;4447;;
241;43;710;658;0;88;9;10;4383;;
241;44;787;590;7;66;20;17;6280;;
241;45;885;701;2;81;19;17;61152;;
241;46;981;242;3;60;13;8;62224;;
241;47;1129;462;3;60;10;8;12575;;
241;48;886;762;0;80;17;18;51340;;
242;4;995;535;0;95;10;11;4383;;
242;5;1075;536;0;93;11;9;4383;;
242;30;902;496;0;110;13;10;28640;;
242;36;675;651;0;83;14;13;1143;;
242;40;896;739;0;97;20;19;16008;;
242;42;799;549;0;88;10;11;4447;;
242;43;710;658;0;92;10;11;4383;;
242;44;787;590;8;66;20;17;6280;;
242;45;885;701;3;81;19;17;61152;;
242;46;981;242;4;60;13;8;62224;;
242;47;1129;462;4;60;10;8;12575;;
242;48;883;762;0;98;13;17;29772;;
243;4;995;535;0;95;8;12;4991;;
243;5;1076;536;0;89;10;9;4383;;
243;30;902;496;0;98;12;9;4064;;
243;36;674;652;0;75;11;13;1223;;
243;40;895;743;0;102;23;22;13452;;
243;42;799;548;0;94;9;11;4447;;
243;43;710;657;0;91;10;10;4447;;
243;44;787;590;9;66;20;17;6280;;
243;45;885;701;4;81;19;17;61152;;
243;46;981;242;5;60;13;8;62224;;
243;47;1129;462;5;60;10;8;12575;;
243;48;886;762;0;88;10;19;9286;;
243;49;721;581;0;72;24;19;12302;;
244;4;996;535;0;105;9;13;4991;;
244;5;1076;537;0;88;10;8;4383;;
244;30;899;497;0;98;11;9;3822;;
244;36;675;651;0;80;12;12;19655;;
244;40;895;741;0;98;25;21;5768;;
244;42;800;548;0;76;7;12;1638;;
244;43;710;657;0;87;10;10;4383;;
244;45;885;701;5;81;19;17;61152;;
244;46;981;242;6;60;13;8;62224;;
244;47;1129;462;6;60;10;8;12575;;
244;48;883;765;0;81;7;15;13119;;
244;49;723;582;0;86;28;20;12396;;
245;4;996;533;0;97;9;12;9838;;
245;5;1072;536;0;85;11;9;4383;;
245;30;898;498;0;97;12;10;12260;;
245;36;677;652;0;78;12;14;1103;;
245;40;900;739;0;89;25;21;5896;;
245;42;799;549;0;75;7;14;4983;;
245;43;711;656;0;80;11;10;4383;;
245;45;885;701;6;81;19;17;61152;;
245;46;981;242;7;60;13;8;62224;;
245;47;1129;462;7;60;10;8;12575;;
245;48;883;765;0;83;5;19;8743;;
245;49;721;579;0;99;21;23;12684;;
246;4;995;534;0;94;8;13;4991;;
246;5;1072;536;1;85;11;9;4383;;
246;30;900;497;0;92;12;9;20192;;
246;36;685;656;0;78;17;5;4081;;
246;40;901;741;0;89;27;23;4872;;
246;42;801;550;0;83;8;14;4983;;
246;43;711;656;0;82;11;8;4383;;
246;45;885;701;7;81;19;17;61152;;
246;46;981;242;8;60;13;8;62224;;
246;47;1129;462;8;60;10;8;12575;;
246;48;883;755;0;94;22;24;6348;;
246;49;717;575;0;101;22;23;4492;;
247;4;995;534;0;98;9;12;9838;;
247;5;1073;537;0;85;11;9;4383;;
247;30;899;497;0;97;11;9;2038;;
247;36;689;658;0;90;25;11;3568;;
247;40;907;737;0;89;16;11;4600;;
247;42;801;550;0;82;7;14;1639;;
247;43;711;657;0;82;23;10;944;;
247;45;885;701;8;81;19;17;61152;;
247;46;981;242;9;60;13;8;62224;;
247;47;1129;462;9;60;10;8;12575;;
247;48;883;750;0;96;23;22;7372;;
247;49;717;572;0;104;23;23;4564;;
248;4;995;534;0;87;8;12;4991;;
248;5;1075;537;0;78;11;9;4383;;
248;30;900;497;0;98;11;11;2038;;
248;36;686;658;0;94;24;9;3808;;
248;40;915;732;0;79;18;10;878;;
248;42;801;549;0;91;10;11;4607;;
248;43;710;656;0;80;11;8;4383;;
248;45;885;701;9;81;19;17;61152;;
248;48;879;746;0;76;11;15;17487;;
248;49;717;572;1;104;23;23;4564;;
249;4;995;533;0;88;9;11;4383;;
249;5;1075;537;0;75;9;11;4383;;
249;30;901;498;0;101;12;10;20448;;
249;36;687;658;0;104;25;10;3568;;
249;40;911;735;0;86;18;13;4600;;
249;42;799;548;0;77;9;12;9831;;
249;43;710;657;0;85;22;9;945;;
249;48;879;746;1;76;11;15;17487;;
249;49;717;572;2;104;23;23;4564;;
250;4;996;535;0;91;9;12;1646;;
250;5;1075;539;0;88;7;12;26214;;
250;30;897;498;0;94;11;10;4895;;
250;36;687;658;1;104;25;10;3568;;
250;40;913;734;0;82;17;12;4476;;
250;42;799;548;0;74;8;21;9831;;
250;43;710;658;0;60;22;7;2032;;
250;48;879;742;0;74;9;17;8758;;
250;49;717;572;3;104;23;23;4564;;
250;50;981;242;0;60;13;7;63248;;
251;4;995;534;0;91;8;12;4983;;
251;5;1076;538;0;77;8;10;4383;;
251;30;898;498;0;92;10;10;1766;;
251;36;696;657;0;77;21;8;2032;;
251;40;919;732;0;82;18;9;1992;;
251;42;801;550;0;86;8;21;8806;;
251;43;710;658;1;60;22;7;2032;;
251;48;881;738;0;87;9;18;13156;;
251;49;717;572;4;104;23;23;4564;;
251;50;981;242;1;60;13;7;63248;;
252;4;995;534;0;92;8;12;4983;;
252;5;1076;537;0;98;9;11;4383;;
252;30;898;498;0;90;10;10;20198;;
252;36;693;656;0;82;21;9;2545;;
252;40;923;727;0;81;15;11;4383;;
252;42;800;544;0;74;7;19;4919;;
252;43;710;658;0;73;22;8;1009;;
252;48;881;738;0;78;5;18;26214;;
252;49;717;572;5;104;23;23;4564;;
252;50;981;242;2;60;13;7;63248;;
252;51;787;590;0;63;19;15;4511;;
253;4;995;534;0;95;9;12;9071;;
253;5;1076;537;0;88;10;11;4383;;
253;30;898;497;0;89;10;10;20166;;
253;36;693;656;1;82;21;9;2545;;
253;40;929;725;0;83;17;9;876;;
253;42;801;543;0;79;6;18;13175;;
253;43;705;657;0;79;13;7;1911;;
253;48;882;734;0;70;7;17;26214;;
253;49;717;572;6;104;23;23;4564;;
253;50;981;242;3;60;13;7;63248;;
253;51;787;590;1;63;19;15;4511;;
254;4;996;534;0;96;9;12;9838;;
254;5;1076;539;0;93;10;11;4383;;
254;30;898;497;0;88;9;10;3822;;
254;36;693;656;2;82;21;9;2545;;
254;40;927;725;0;82;19;8;511;;
254;42;803;541;0;91;8;24;9830;;
254;43;706;657;0;81;15;7;895;;
254;48;884;730;0;83;7;18;8742;;
254;49;717;572;7;104;23;23;4564;;
254;50;981;242;4;60;13;7;63248;;
254;51;787;590;2;63;19;15;4511;;
255;4;996;533;0;90;9;11;4383;;
255;5;1077;537;0;95;9;11;4383;;
255;30;898;499;0;91;10;10;12575;;
255;36;693;656;3;82;21;9;2545;;
255;40;930;724;0;85;18;8;893;;
255;42;801;543;0;74;7;20;8806;;
255;43;706;658;0;76;13;7;4927;;
255;48;885;727;0;84;7;20;8804;;
255;49;714;541;0;112;22;25;35921;;
255;50;980;242;0;58;13;8;62224;;
255;51;787;590;3;63;19;15;4511;;
256;4;995;535;0;90;10;12;4983;;
256;5;1077;537;0;93;9;11;4383;;
256;30;899;497;0;101;11;10;3310;;
256;36;693;656;4;82;21;9;2545;;
256;40;933;725;0;75;20;4;3056;;
256;42;801;548;0;82;6;21;9830;;
256;43;706;658;0;56;12;6;5951;;
256;48;886;727;0;89;10;19;4966;;
256;49;714;539;0;101;21;25;34897;;
256;50;980;242;1;58;13;8;62224;;
256;51;787;590;4;63;19;15;4511;;
257;4;995;533;0;86;8;11;4383;;
257;5;1077;537;0;92;9;11;4383;;
257;30;899;497;0;96;11;10;3814;;
257;36;693;656;5;82;21;9;2545;;
257;40;935;726;0;81;19;6;1777;;
257;42;802;546;0;100;6;20;9830;;
257;43;706;658;1;56;12;6;5951;;
257;48;886;725;0;85;12;17;12838;;
257;49;714;541;0;99;22;24;35921;;
257;50;980;242;2;58;13;8;62224;;
257;51;787;590;5;63;19;15;4511;;
258;4;995;533;0;92;9;11;4383;;
258;5;1076;537;0;92;10;11;4383;;
258;30;899;497;0;93;11;10;3814;;
258;36;693;656;6;82;21;9;2545;;
258;40;934;725;0;86;17;10;502;;
258;42;801;549;0;93;9;15;6007;;
258;43;706;658;2;56;12;6;5951;;
258;48;889;721;0;92;10;18;9015;;
258;49;714;541;1;99;22;24;35921;;
258;50;980;242;3;58;13;8;62224;;
258;51;787;590;6;63;19;15;4511;;
259;4;995;533;0;91;8;11;4383;;
259;5;1077;536;0;89;11;10;4383;;
259;30;899;497;0;98;12;10;3812;;
259;36;693;656;7;82;21;9;2545;;
259;40;934;726;0;91;21;6;2032;;
259;42;802;550;0;98;10;12;1654;;
259;43;706;658;3;56;12;6;5951;;
259;48;889;719;0;81;8;20;9796;;
259;49;715;545;0;102;21;20;35123;;
259;50;980;242;4;58;13;8;62224;;
259;51;785;590;0;59;19;16;4509;;
260;4;995;534;0;89;8;12;4991;;
260;5;1077;537;0;102;10;10;4383;;
260;30;899;497;0;103;13;10;32704;;
260;36;693;656;8;82;21;9;2545;;
260;40;931;726;0;84;18;7;2032;;
260;42;802;550;0;96;9;12;1774;;
260;43;710;659;0;72;12;7;6000;;
260;48;891;716;0;72;8;16;25668;;
260;49;719;544;0;106;10;16;6007;;
260;50;981;242;0;59;13;6;63248;;
260;51;785;590;1;59;19;16;4509;;
261;4;995;534;0;89;9;12;622;;
261;5;1077;537;0;90;10;10;4383;;
261;30;899;497;0;95;11;10;3814;;
261;36;693;656;9;82;21;9;2545;;
261;40;934;726;0;76;12;8;881;;
261;42;802;549;0;82;9;10;4511;;
261;43;711;659;0;85;13;7;895;;
261;48;890;712;0;93;21;27;49427;;
261;49;719;544;1;106;10;16;6007;;
261;50;981;242;1;59;13;6;63248;;
261;51;785;590;2;59;19;16;4509;;
262;4;995;533;0;86;8;12;4991;;
262;5;1076;537;0;92;10;10;4383;;
262;30;901;497;0;107;13;9;4080;;
262;40;931;724;0;78;12;9;2547;;
262;42;800;548;0;85;9;13;6006;;
262;43;712;659;0;90;11;7;4383;;
262;48;892;709;0;82;22;27;49427;;
262;49;719;544;2;106;10;16;6007;;
262;50;981;242;2;59;13;6;63248;;
262;51;785;590;3;59;19;16;4509;;
263;4;995;535;0;79;9;12;895;;
263;5;1077;537;0;100;10;11;4383;;
263;30;902;497;0;110;15;9;3828;;
263;40;931;725;0;88;16;12;52787;;
263;42;802;548;0;87;11;14;4415;;
263;43;712;658;0;104;13;7;6003;;
263;48;892;709;0;85;25;24;49459;;
263;49;719;544;3;106;10;16;6007;;
263;50;981;242;3;59;13;6;63248;;
263;51;785;590;4;59;19;16;4509;;
264;4;995;533;0;94;9;11;4383;;
264;5;1076;537;0;89;10;10;4383;;
264;30;899;497;0;101;12;10;20448;;
264;40;924;720;0;85;14;11;2289;;
264;42;803;549;0;93;12;7;4080;;
264;43;712;658;0;101;12;7;6128;;
264;48;895;706;0;86;23;25;35122;;
264;49;719;544;4;106;10;16;6007;;
264;50;981;242;4;59;13;6;63248;;
264;51;785;590;5;59;19;16;4509;;
265;4;995;533;0;86;8;11;4383;;
265;5;1077;537;0;103;9;11;4383;;
265;30;899;497;0;102;11;10;28959;;
265;40;921;716;0;95;26;26;32819;;
265;42;800;547;0;73;11;7;4383;;
265;43;713;658;0;97;12;8;6003;;
265;48;900;703;0;102;28;21;27793;;
265;49;719;544;5;106;10;16;6007;;
265;50;982;243;0;56;12;8;62224;;
265;51;785;590;6;59;19;16;4509;;
266;4;995;533;0;92;8;12;4991;;
266;5;1077;537;0;90;9;10;4383;;
266;30;899;497;1;102;11;10;28959;;
266;40;922;717;0;77;22;21;39;;
266;42;798;545;0;78;11;7;4383;;
266;43;713;657;0;103;13;11;351;;
266;48;906;692;0;82;12;14;4927;;
266;49;719;544;6;106;10;16;6007;;
266;50;982;243;1;56;12;8;62224;;
266;51;785;590;7;59;19;16;4509;;
266;52;1130;462;0;53;11;7;511;;
267;4;996;534;0;92;9;12;9830;;
267;5;1075;539;0;92;10;10;4383;;
267;30;899;497;2;102;11;10;28959;;
267;40;915;715;0;87;26;23;32871;;
267;42;800;543;0;65;13;7;10224;;
267;43;712;657;0;74;16;8;4085;;
267;48;907;690;0;82;11;15;4479;;
267;49;719;544;7;106;10;16;6007;;
267;50;982;243;2;56;12;8;62224;;
267;51;785;590;8;59;19;16;4509;;
267;52;1130;462;1;53;11;7;511;;
268;4;995;535;0;98;9;12;622;;
268;5;1075;539;0;92;11;10;4383;;
268;30;902;497;0;107;14;9;4080;;
268;40;914;714;0;87;22;22;32839;;
268;42;799;548;0;75;11;9;4383;;
268;43;711;655;0;58;12;7;3959;;
268;48;907;688;0;85;10;16;30308;;
268;49;719;544;8;106;10;16;6007;;
268;50;982;243;3;56;12;8;62224;;
268;51;785;590;9;59;19;16;4509;;
268;52;1130;462;2;53;11;7;511;;
269;4;995;535;0;75;8;11;4383;;
269;5;1075;539;0;92;9;10;4383;;
269;30;900;499;0;111;15;10;3575;;
269;40;909;711;0;91;18;23;19591;;
269;42;804;550;0;72;10;10;4375;;
269;43;709;655;0;61;13;7;2047;;
269;48;907;690;0;93;13;20;9796;;
269;49;719;544;9;106;10;16;6007;;
269;50;982;243;4;56;12;8;62224;;
269;51;785;590;0;55;19;17;4511;;
269;52;1130;462;3;53;11;7;511;;
269;53;970;443;0;92;13;21;19591;;
270;4;995;534;0;91;7;13;4983;;
270;5;1076;538;0;101;9;10;4383;;
270;30;904;499;0;106;13;10;886;;
270;40;905;711;0;83;17;19;27783;;
270;42;804;550;1;72;10;10;4375;;
270;43;711;655;0;64;15;7;1023;;
270;48;907;690;1;93;13;20;9796;;
270;50;982;243;5;56;12;8;62224;;
270;51;785;590;1;55;19;17;4511;;
270;52;1129;462;0;60;10;8;1014;;
270;53;970;443;1;92;13;21;19591;;
271;4;995;535;0;81;7;12;1638;;
271;5;1076;538;0;93;9;10;4383;;
271;30;905;497;0;111;13;11;26416;;
271;40;902;704;0;101;14;24;33895;;
271;42;795;542;0;58;13;16;19687;;
271;43;710;656;0;65;11;10;4383;;
271;48;907;690;2;93;13;20;9796;;
271;50;980;242;0;56;12;8;62224;;
271;51;785;590;2;55;19;17;4511;;
271;52;1129;462;1;60;10;8;1014;;
271;53;970;443;2;92;13;21;19591;;
272;4;995;535;1;81;7;12;1638;;
272;5;1076;538;0;99;9;10;4383;;
272;30;903;500;0;104;13;10;3958;;
272;40;898;699;0;80;21;27;35377;;
272;42;804;552;0;66;8;17;17511;;
272;43;707;656;0;60;16;8;883;;
272;48;907;690;3;93;13;20;9796;;
272;50;980;242;1;56;12;8;62224;;
272;51;785;590;3;55;19;17;4511;;
272;52;1129;462;2;60;10;8;1014;;
272;53;970;443;3;92;13;21;19591;;
273;4;995;534;0;78;7;12;1910;;
273;5;1077;537;0;105;10;11;4383;;
273;30;903;500;0;106;12;10;30484;;
273;40;894;694;0;77;25;28;34979;;
273;42;804;552;1;66;8;17;17511;;
273;43;706;659;0;58;19;7;1023;;
273;48;907;690;4;93;13;20;9796;;
273;50;979;241;0;59;13;7;63248;;
273;51;785;590;0;56;19;18;4511;;
273;52;1129;462;3;60;10;8;1014;;
273;53;970;443;4;92;13;21;19591;;
273;54;896;206;0;65;19;5;65296;;
274;4;995;535;0;86;8;12;10102;;
274;5;1076;538;0;102;10;10;4383;;
274;30;903;500;1;106;12;10;30484;;
274;40;877;662;0;59;14;20;8503;;
274;42;804;552;0;83;8;17;17511;;
274;43;700;660;0;61;20;6;1008;;
274;48;907;690;5;93;13;20;9796;;
274;50;979;241;1;59;13;7;63248;;
274;51;785;590;1;56;19;18;4511;;
274;52;1129;462;4;60;10;8;1014;;
274;53;970;443;5;92;13;21;19591;;
274;54;896;206;1;65;19;5;65296;;
275;4;995;534;0;79;7;12;30512;;
275;5;1077;538;0;103;9;11;4383;;
275;30;903;500;2;106;12;10;30484;;
275;40;877;662;0;53;9;16;8751;;
275;42;805;553;0;74;9;17;17511;;
275;43;699;659;0;58;23;6;1009;;
275;48;907;690;6;93;13;20;9796;;
275;50;979;241;2;59;13;7;63248;;
275;51;785;590;2;56;19;18;4511;;
275;52;1129;462;5;60;10;8;1014;;
275;53;970;443;6;92;13;21;19591;;
275;54;896;206;0;66;19;5;65296;;
276;4;995;534;0;96;8;12;6006;;
276;5;1076;538;0;105;10;10;4383;;
276;30;904;497;0;108;10;12;26230;;
276;40;875;662;0;106;11;24;8806;;
276;42;804;550;0;70;10;22;17511;;
276;43;699;659;1;58;23;6;1009;;
276;48;907;690;7;93;13;20;9796;;
276;50;979;241;3;59;13;7;63248;;
276;51;785;590;3;56;19;18;4511;;
276;52;1129;462;6;60;10;8;1014;;
276;53;970;443;7;92;13;21;19591;;
276;54;896;206;1;66;19;5;65296;;
277;4;995;534;1;96;8;12;6006;;
277;5;1076;539;0;93;9;10;4383;;
277;30;902;501;0;101;9;11;6006;;
277;40;875;662;1;106;11;24;8806;;
277;42;804;550;0;73;9;22;18023;;
277;43;699;659;2;58;23;6;1009;;
277;48;907;690;8;93;13;20;9796;;
277;50;979;241;4;59;13;7;63248;;
277;51;785;590;4;56;19;18;4511;;
277;52;1129;462;7;60;10;8;1014;;
277;53;970;443;8;92;13;21;19591;;
277;54;896;206;2;66;19;5;65296;;
278;4;995;533;0;82;7;11;4383;;
278;5;1076;538;0;91;9;10;4383;;
278;30;902;501;1;101;9;11;6006;;
278;40;875;662;2;106;11;24;8806;;
278;42;804;547;0;55;8;12;29543;;
278;43;691;658;0;78;26;9;2544;;
278;48;907;690;9;93;13;20;9796;;
278;50;980;242;0;58;12;8;62224;;
278;51;785;590;5;56;19;18;4511;;
278;52;1129;462;8;60;10;8;1014;;
278;53;970;443;9;92;13;21;19591;;
278;54;896;206;3;66;19;5;65296;;
278;55;713;658;0;67;11;10;4383;;
279;4;995;533;0;92;8;11;4383;;
279;5;1076;539;0;94;9;10;4383;;
279;30;902;501;2;101;9;11;6006;;
279;40;875;662;3;106;11;24;8806;;
279;42;804;544;0;85;8;12;26231;;
279;43;685;657;0;78;18;8;3187;;
279;50;980;242;1;58;12;8;62224;;
279;51;750;587;0;94;12;16;26211;;
279;52;1129;462;9;60;10;8;1014;;
279;54;896;206;4;66;19;5;65296;;
279;55;712;658;0;83;10;10;4383;;
280;4;995;534;0;86;9;11;12575;;
280;5;1075;539;0;90;9;10;4383;;
280;30;902;501;3;101;9;11;6006;;
280;40;875;662;4;106;11;24;8806;;
280;42;804;544;1;85;8;12;26231;;
280;43;683;656;0;85;17;10;3187;;
280;50;979;241;0;60;13;7;63248;;
280;51;750;587;1;94;12;16;26211;;
280;54;896;206;5;66;19;5;65296;;
280;55;711;658;0;70;12;8;6004;;
281;4;995;533;0;89;9;10;4383;;
281;5;1075;539;1;90;9;10;4383;;
281;30;902;497;0;109;12;12;12262;;
281;40;875;662;5;106;11;24;8806;;
281;42;803;554;0;68;7;18;10103;;
281;43;688;657;0;86;26;8;4080;;
281;50;979;241;1;60;13;7;63248;;
281;51;750;587;2;94;12;16;26211;;
281;54;896;206;6;66;19;5;65296;;
281;55;709;659;0;74;22;7;7089;;
282;4;995;533;0;91;8;11;4383;;
282;5;1075;539;2;90;9;10;4383;;
282;30;901;497;0;111;13;11;16368;;
282;40;875;662;6;106;11;24;8806;;
282;42;803;554;1;68;7;18;10103;;
282;43;690;658;0;93;26;7;4080;;
282;50;979;241;2;60;13;7;63248;;
282;51;750;587;3;94;12;16;26211;;
282;54;896;206;7;66;19;5;65296;;
282;55;707;658;0;64;23;7;6641;;
283;4;995;533;1;91;8;11;4383;;
283;5;1077;538;0;93;10;10;4383;;
283;30;901;496;0;112;12;11;12262;;
283;40;875;662;7;106;11;24;8806;;
283;42;807;552;0;58;10;14;24863;;
283;43;684;657;0;82;19;7;3191;;
283;50;979;241;3;60;13;7;63248;;
283;51;750;587;4;94;12;16;26211;;
283;54;896;206;8;66;19;5;65296;;
283;55;711;658;0;86;10;10;4383;;
284;4;995;533;0;95;9;11;2038;;
284;5;1077;538;0;98;10;9;4383;;
284;30;901;496;1;112;12;11;12262;;
284;40;875;661;0;99;7;23;8743;;
284;42;807;552;1;58;10;14;24863;;
284;43;688;659;0;98;26;7;4080;;
284;50;979;241;4;60;13;7;63248;;
284;51;785;590;0;61;19;22;6287;;
284;54;896;206;9;66;19;5;65296;;
284;55;710;660;0;61;21;9;5041;;
285;4;995;534;0;85;8;11;4383;;
285;5;1077;538;1;98;10;9;4383;;
285;30;902;500;0;109;12;12;9015;;
285;40;875;661;1;99;7;23;8743;;
285;42;807;552;2;58;10;14;24863;;
285;43;691;659;0;88;26;10;3568;;
285;50;982;243;0;59;12;8;62224;;
285;51;785;591;0;53;19;22;6282;;
285;55;710;660;1;61;21;9;5041;;
285;56;1130;463;0;56;11;7;12575;;
285;57;755;582;0;76;12;18;30499;;
286;4;995;533;0;95;11;11;4383;;
286;5;1076;538;0;90;10;10;4383;;
286;30;902;496;0;103;11;11;14194;;
286;40;876;661;0;97;7;25;8807;;
286;42;804;547;0;65;7;13;6007;;
286;43;686;653;0;100;24;12;2272;;
286;50;982;243;1;59;12;8;62224;;
286;51;785;591;1;53;19;22;6282;;
286;55;710;660;0;77;11;10;4383;;
286;56;1130;463;1;56;11;7;12575;;
286;57;745;587;0;91;21;15;63010;;
287;4;995;535;0;91;9;12;622;;
287;5;1077;537;0;99;10;10;4383;;
287;30;902;496;0;103;11;10;29463;;
287;40;876;661;1;97;7;25;8807;;
287;42;805;545;0;81;8;10;4383;;
287;43;682;655;0;77;15;12;563;;
287;50;979;241;0;60;13;7;63248;;
287;51;785;591;2;53;19;22;6282;;
287;55;711;657;0;86;13;11;4479;;
287;56;1130;463;2;56;11;7;12575;;
287;57;746;587;0;90;17;16;62003;;
288;4;995;534;0;90;8;11;4383;;
288;5;1076;537;0;97;9;11;4383;;
288;30;900;496;0;102;12;10;12134;;
288;40;876;661;2;97;7;25;8807;;
288;42;805;545;1;81;8;10;4383;;
288;43;683;656;0;91;14;15;50743;;
288;50;979;241;1;60;13;7;63248;;
288;51;785;591;3;53;19;22;6282;;
288;55;711;657;1;86;13;11;4479;;
288;56;1130;463;3;56;11;7;12575;;
288;57;756;582;0;62;9;20;58914;;
289;4;996;535;0;89;8;12;6007;;
289;5;1076;536;0;96;10;11;4383;;
289;30;901;496;0;102;13;10;12147;;
289;40;876;661;3;97;7;25;8807;;
289;42;805;545;2;81;8;10;4383;;
289;43;685;656;0;79;15;8;2271;;
289;50;979;241;2;60;13;7;63248;;
289;51;785;591;4;53;19;22;6282;;
289;55;711;660;0;74;8;10;4383;;
289;56;1130;463;4;56;11;7;12575;;
289;57;755;581;0;79;9;24;58882;;
290;4;995;535;0;83;7;12;1647;;
290;5;1076;536;0;96;9;13;1655;;
290;30;901;498;0;110;13;11;10230;;
290;40;873;658;0;106;11;29;17958;;
290;42;805;546;0;94;8;12;16671;;
290;43;691;661;0;87;21;10;3412;;
290;50;979;241;3;60;13;7;63248;;
290;51;785;591;5;53;19;22;6282;;
290;55;711;660;1;74;8;10;4383;;
290;56;1130;463;5;56;11;7;12575;;
290;57;745;587;0;74;12;16;58930;;
290;58;759;521;0;80;17;19;14156;;
291;4;995;534;0;94;10;12;4991;;
291;5;1077;536;0;89;9;11;4383;;
291;30;902;497;0;107;10;12;26342;;
291;40;873;658;1;106;11;29;17958;;
291;42;805;546;1;94;8;12;16671;;
291;43;691;659;0;82;25;9;3440;;
291;50;979;241;4;60;13;7;63248;;
291;51;785;591;6;53;19;22;6282;;
291;55;711;660;2;74;8;10;4383;;
291;56;1130;463;6;56;11;7;12575;;
291;57;745;587;1;74;12;16;58930;;
291;58;759;521;1;80;17;19;14156;;
292;4;995;534;0;103;9;13;4927;;
292;5;1076;537;0;84;9;11;4383;;
292;30;903;499;0;103;11;12;1766;;
292;40;873;655;0;102;13;32;18022;;
292;42;806;545;0;86;11;13;4927;;
292;43;687;657;0;89;25;6;4080;;
292;50;979;241;5;60;13;7;63248;;
292;51;789;592;0;54;20;17;6280;;
292;55;711;660;0;54;20;12;5041;;
292;56;1130;463;7;56;11;7;12575;;
292;57;745;587;2;74;12;16;58930;;
292;58;759;521;2;80;17;19;14156;;
293;4;996;533;0;96;8;12;4983;;
293;5;1077;536;0;88;9;11;4383;;
293;30;902;500;0;101;10;11;1783;;
293;40;870;649;0;103;9;25;17506;;
293;42;808;545;0;78;8;12;10094;;
293;43;687;658;0;69;16;4;4080;;
293;50;979;241;6;60;13;7;63248;;
293;51;789;592;1;54;20;17;6280;;
293;55;712;656;0;70;5;13;8767;;
293;56;1130;463;8;56;11;7;12575;;
293;57;745;587;3;74;12;16;58930;;
293;58;759;521;3;80;17;19;14156;;
294;4;996;534;0;107;9;12;1646;;
294;5;1077;537;0;107;9;12;18023;;
294;30;902;499;0;101;12;11;10103;;
294;40;869;645;0;101;9;25;17506;;
294;42;807;543;0;94;9;12;10030;;
294;43;681;654;0;87;14;13;1843;;
294;50;980;242;0;57;12;8;62224;;
294;51;789;592;2;54;20;17;6280;;
294;55;713;656;0;76;6;13;8831;;
294;56;1130;463;9;56;11;7;12575;;
294;57;745;587;4;74;12;16;58930;;
294;58;759;521;4;80;17;19;14156;;
294;59;976;460;0;62;13;20;9079;;
295;4;995;534;0;86;7;12;895;;
295;5;1076;536;0;80;8;12;1655;;
295;30;902;497;0;102;11;10;1911;;
295;40;869;642;0;86;6;23;26150;;
295;42;799;544;0;80;18;11;1011;;
295;43;679;652;0;86;12;17;17507;;
295;50;980;242;1;57;12;8;62224;;
295;51;789;592;3;54;20;17;6280;;
295;55;713;656;1;76;6;13;8831;;
295;57;763;579;0;71;5;13;26350;;
295;58;759;521;5;80;17;19;14156;;
295;59;976;460;1;62;13;20;9079;;
296;4;995;533;0;93;8;11;4383;;
296;5;1077;537;0;88;9;11;4383;;
296;30;900;496;0;95;11;10;1766;;
296;40;866;638;0;89;9;24;25122;;
296;42;806;541;0;84;11;12;10102;;
296;43;686;657;0;75;16;7;4080;;
296;50;980;242;2;57;12;8;62224;;
296;51;789;592;4;54;20;17;6280;;
296;55;713;659;0;85;9;10;4415;;
296;57;763;579;1;71;5;13;26350;;
296;58;759;521;6;80;17;19;14156;;
296;59;976;460;2;62;13;20;9079;;
297;4;995;533;0;99;9;12;895;;
297;5;1076;536;0;92;9;11;4383;;
297;30;901;496;0;95;11;10;1782;;
297;40;867;637;0;95;9;25;17954;;
297;42;806;545;0;94;11;11;4383;;
297;43;687;657;0;81;17;7;2033;;
297;50;980;242;3;57;12;8;62224;;
297;51;789;592;5;54;20;17;6280;;
297;55;713;660;0;87;9;11;4383;;
297;57;763;579;2;71;5;13;26350;;
297;58;759;521;7;80;17;19;14156;;
297;59;976;460;3;62;13;20;9079;;
298;4;995;534;0;94;8;12;4991;;
298;5;1076;537;0;83;8;11;4383;;
298;30;899;496;0;95;11;9;1654;;
298;40;866;635;0;91;11;23;25139;;
298;42;806;541;0;101;10;11;4383;;
298;43;692;657;0;83;25;11;3568;;
298;50;980;242;4;57;12;8;62224;;
298;51;789;592;6;54;20;17;6280;;
298;55;713;660;1;87;9;11;4383;;
298;57;775;575;0;53;15;21;17427;;
298;58;759;521;8;80;17;19;14156;;
298;59;976;460;4;62;13;20;9079;;
299;4;995;535;0;88;8;12;4991;;
299;5;1076;537;0;94;8;11;4383;;
299;30;899;496;0;93;11;9;1654;;
299;40;866;635;0;90;10;23;17955;;
299;42;806;542;0;105;11;11;4383;;
299;43;688;657;0;78;12;7;2032;;
299;50;980;242;5;57;12;8;62224;;
299;51;789;592;7;54;20;17;6280;;
299;55;713;657;0;85;9;11;4383;;
299;57;775;575;1;53;15;21;17427;;
299;58;759;521;9;80;17;19;14156;;
299;59;976;460;5;62;13;20;9079;;
300;4;995;535;0;79;7;11;4383;;
300;5;1076;536;0;78;7;11;4383;;
300;30;899;496;0;93;10;9;1766;;
300;40;865;626;0;91;9;23;26211;;
300;42;803;545;0;110;13;11;2039;;
300;43;690;659;0;90;24;9;3536;;
300;50;980;242;6;57;12;8;62224;;
300;51;789;592;8;54;20;17;6280;;
300;55;714;658;0;76;9;10;4383;;
300;57;775;575;2;53;15;21;17427;;
300;59;976;460;6;62;13;20;9079;;
301;4;995;536;0;84;7;11;4383;;
301;5;1076;537;0;90;9;11;4383;;
301;30;900;497;0;99;11;10;1782;;
301;40;864;627;0;90;10;23;17955;;
301;42;803;547;0;101;16;8;4084;;
301;43;692;659;0;80;24;7;4048;;
301;50;980;242;7;57;12;8;62224;;
301;51;789;592;9;54;20;17;6280;;
301;55;714;658;1;76;9;10;4383;;
301;57;775;575;3;53;15;21;17427;;
301;59;976;460;7;62;13;20;9079;;
